14.1,0.7,7.4,5.4,5.4,4.0,1.3,5.4,8.7,6.7,3.4,1.3,4.0,1.3,3.4,8.7,6.7,8.1,1.3,2.7,149,2lhb,1
12.5,0.7,8.3,2.1,4.2,6.9,1.4,5.6,10.4,9.0,2.1,6.9,1.4,4.2,2.8,4.2,4.2,9.0,1.4,2.8,144,3sdha,1
19.0,0.7,4.9,5.6,7.0,11.3,1.4,1.4,7.0,6.3,3.5,4.2,2.1,3.5,0.7,8.5,4.2,4.9,2.8,0.7,142,1flp,1
20.4,0.7,4.1,2.0,2.7,13.6,3.4,5.4,8.2,7.5,3.4,2.0,2.0,4.8,2.0,6.8,0.7,6.8,1.4,2.0,147,2hbg,1
11.0,0.0,3.9,9.1,3.9,7.1,7.1,5.8,12.3,12.3,1.9,1.3,2.6,3.2,2.6,3.9,3.2,5.2,1.3,1.9,154,2mge,1
12.5,0.0,6.6,3.7,10.3,8.1,2.9,6.6,7.4,4.4,2.9,3.7,3.7,2.9,2.2,6.6,6.6,6.6,0.7,1.5,136,1eca,1
13.7,0.0,3.9,9.2,4.6,4.6,3.3,5.9,9.2,9.2,0.7,3.9,3.3,2.6,0.7,5.9,5.2,11.1,2.0,1.3,153,2gdm,1
10.3,1.4,4.8,5.5,5.5,8.9,6.2,0.0,7.5,12.3,0.7,4.1,4.8,2.1,2.1,3.4,4.8,12.3,1.4,2.1,146,1babb,1
15.6,0.7,5.7,1.4,6.4,9.2,2.8,4.3,7.8,10.6,2.1,2.8,4.3,4.3,0.7,4.3,5.0,7.1,1.4,3.5,141,1itha,1
7.5,2.0,7.5,10.9,5.4,2.7,4.8,2.7,9.5,8.2,2.0,4.1,4.1,3.4,6.1,2.0,6.8,3.4,2.0,4.8,147,1ash,1
12.1,0.0,5.7,4.5,4.5,4.5,3.2,4.5,6.4,10.8,3.8,3.2,1.9,7.0,5.1,7.6,5.1,7.0,1.3,1.9,157,1hlb,1
14.8,1.2,4.9,3.7,3.7,8.0,0.6,4.9,4.9,8.0,1.2,4.3,3.7,3.1,3.7,9.9,7.4,4.9,0.6,6.2,162,1cpca,1
18.0,1.7,7.6,2.9,2.3,8.1,0.0,5.2,3.5,8.7,3.5,4.1,1.7,2.9,5.8,8.1,4.7,7.6,0.0,3.5,172,1cpcb,1
14.1,1.3,5.1,14.1,2.6,5.1,2.6,9.0,7.7,7.7,1.3,2.6,2.6,5.1,9.0,2.6,2.6,3.8,0.0,1.3,78,1grj1,2
12.7,0.0,2.7,16.4,0.9,3.6,0.9,1.8,9.1,16.4,0.9,0.9,8.2,5.5,10.9,0.0,0.9,7.3,0.9,0.0,110,1srya1,2
11.0,1.2,1.2,8.5,4.9,6.1,6.1,6.1,4.9,8.5,0.0,8.5,4.9,2.4,1.2,6.1,6.1,3.7,2.4,6.1,82,1isca1,2
8.1,1.8,3.6,5.4,3.6,9.9,1.8,3.6,11.7,7.2,1.8,5.4,8.1,3.6,1.8,6.3,7.2,2.7,0.9,5.4,111,1ccr,3
12.9,1.6,6.5,6.5,4.0,12.1,2.4,2.4,10.5,4.0,1.6,3.2,3.2,6.5,2.4,0.8,7.3,6.5,1.6,4.0,124,1cxa,3
15.9,2.4,6.1,6.1,2.4,8.5,1.2,3.7,9.8,4.9,2.4,3.7,7.3,6.1,1.2,3.7,2.4,8.5,2.4,1.2,82,2pac,3
7.5,1.4,7.5,9.5,4.8,12.2,2.7,2.7,2.7,8.2,4.1,4.1,6.8,2.7,2.0,3.4,7.5,2.7,2.7,4.8,147,2mtac,3
13.9,2.5,7.6,5.1,1.3,13.9,2.5,0.0,15.2,6.3,6.3,1.3,0.0,2.5,1.3,6.3,1.3,6.3,0.0,6.3,79,1c53,3
10.0,2.5,2.5,7.5,5.0,11.2,2.5,5.0,5.0,1.2,7.5,3.8,6.2,5.0,1.2,7.5,7.5,5.0,0.0,3.8,80,1fcdc1,3
13.8,2.1,8.5,9.6,4.3,6.4,3.2,1.1,9.6,10.6,3.2,0.0,3.2,5.3,4.3,4.3,3.2,1.1,1.1,5.3,94,1fcdc2,3
7.4,0.0,0.0,11.1,5.6,1.9,0.0,5.6,7.4,11.1,0.0,7.4,1.9,9.3,16.7,7.4,3.7,0.0,1.9,1.9,54,1enh,4
7.8,2.6,0.0,13.0,5.2,5.2,1.3,2.6,5.2,5.2,0.0,6.5,3.9,9.1,11.7,6.5,2.6,6.5,2.6,2.6,77,1lfb,4
1.7,0.0,1.7,8.5,3.4,3.4,1.7,6.8,11.9,8.5,1.7,11.9,1.7,1.7,11.9,6.8,6.8,3.4,3.4,3.4,59,1aplc,4
4.9,1.6,0.0,13.1,4.9,0.0,1.6,8.2,11.5,8.2,1.6,6.6,3.3,4.9,13.1,4.9,4.9,4.9,1.6,0.0,61,1hdp,4
6.0,0.0,0.0,6.0,4.0,6.0,4.0,12.0,8.0,8.0,2.0,4.0,6.0,8.0,10.0,8.0,2.0,2.0,0.0,4.0,50,1hcra,4
7.0,0.0,4.7,2.3,0.0,7.0,2.3,9.3,9.3,4.7,4.7,9.3,0.0,4.7,9.3,9.3,4.7,7.0,2.3,2.3,43,1ret,4
1.8,1.8,1.8,7.3,0.0,7.3,5.5,7.3,16.4,7.3,1.8,3.6,5.5,5.5,9.1,1.8,1.8,7.3,5.5,1.8,55,1msec1,4
8.0,0.0,4.0,8.0,0.0,4.0,4.0,8.0,10.0,6.0,2.0,8.0,2.0,2.0,12.0,4.0,8.0,2.0,6.0,2.0,50,1msec2,4
12.5,0.0,2.8,9.7,2.8,6.9,2.8,8.3,4.2,9.7,2.8,1.4,4.2,6.9,11.1,5.6,4.2,4.2,0.0,0.0,72,1leb,4
5.9,1.5,5.9,4.4,0.0,8.8,2.9,11.8,5.9,8.8,4.4,2.9,2.9,8.8,5.9,2.9,8.8,7.4,0.0,0.0,68,3gapb2,4
12.2,0.0,1.4,2.7,1.4,9.5,4.1,8.1,10.8,8.1,1.4,1.4,1.4,5.4,8.1,13.5,2.7,4.1,0.0,4.1,74,1hsta,4
5.7,0.9,7.5,2.8,9.4,5.7,2.8,6.6,7.5,10.4,1.9,7.5,3.8,5.7,6.6,5.7,2.8,2.8,1.9,1.9,106,1hks,4
10.8,0.0,5.4,8.1,0.0,10.8,5.4,5.4,5.4,16.2,0.0,2.7,2.7,0.0,10.8,5.4,5.4,5.4,0.0,0.0,37,1bbl,5
11.6,0.0,7.0,4.7,2.3,14.0,0.0,7.0,9.3,7.0,2.3,2.3,2.3,2.3,9.3,2.3,2.3,11.6,0.0,2.3,43,2pde,5
10.0,15.0,5.0,12.5,0.0,5.0,0.0,5.0,0.0,2.5,2.5,2.5,5.0,5.0,2.5,7.5,5.0,5.0,0.0,10.0,40,1erl,6
5.0,15.0,5.0,7.5,0.0,10.0,2.5,5.0,0.0,5.0,10.0,0.0,10.0,5.0,0.0,2.5,12.5,0.0,0.0,5.0,40,1erd,6
2.6,15.8,5.3,10.5,2.6,7.9,2.6,0.0,2.6,10.5,2.6,7.9,10.5,7.9,0.0,5.3,0.0,2.6,2.6,0.0,38,1erp,6
10.4,0.7,4.9,11.8,0.7,4.9,0.7,0.0,4.9,16.7,2.8,0.0,0.7,9.7,11.1,4.9,4.2,6.2,2.1,2.8,144,1lpe,7
15.1,0.0,4.1,4.8,3.4,3.4,0.7,2.1,2.7,10.3,6.2,8.9,2.1,11.6,4.8,6.8,6.2,2.1,0.7,4.1,146,1was,7
16.0,0.0,11.3,7.5,1.9,2.8,1.9,2.8,12.3,9.4,2.8,5.7,3.8,5.7,3.8,1.9,4.7,3.8,0.0,1.9,106,256ba,7
22.0,1.6,3.9,7.9,3.1,7.9,0.8,1.6,11.8,9.4,2.4,1.6,5.5,5.5,1.6,3.9,4.7,2.4,2.4,0.0,127,2ccya,7
6.2,1.8,10.6,3.5,6.2,5.3,6.2,7.1,8.0,8.8,0.9,5.3,2.7,4.4,3.5,2.7,6.2,2.7,2.7,5.3,113,2hmza,7
8.4,0.6,5.2,4.5,5.2,3.2,0.0,5.8,1.3,7.8,0.0,6.5,4.5,5.8,7.1,10.4,9.7,9.1,1.9,2.6,154,2tmvp,7
16.9,0.0,4.5,5.8,3.9,8.4,1.3,7.8,6.5,7.1,2.6,2.6,1.9,5.2,7.1,2.6,5.2,3.9,0.6,5.8,154,3mdda1,7
5.1,0.0,8.9,11.4,1.9,7.0,3.2,7.6,5.7,15.2,4.4,6.3,0.6,3.8,5.7,2.5,1.3,3.8,1.3,4.4,158,1bcfa,8
7.0,1.7,7.6,8.7,3.5,4.1,5.8,3.5,7.0,12.8,2.3,6.4,1.7,6.4,4.1,5.2,2.9,3.5,0.6,5.2,172,1fha,8
6.5,1.5,5.9,8.5,4.7,3.5,2.4,7.9,4.7,10.0,2.4,4.4,3.5,5.3,5.0,6.2,5.6,5.6,2.1,4.4,340,1riba,8
10.2,0.5,7.6,6.2,6.5,7.0,1.3,3.6,4.7,7.8,1.6,3.9,4.2,4.2,7.3,3.6,5.7,5.5,4.4,4.2,384,1mmob,8
9.2,1.4,5.1,7.8,4.7,6.4,2.7,3.9,5.7,7.6,2.1,5.7,4.1,4.1,5.3,4.3,4.9,6.1,4.1,4.9,512,1mmod,8
11.3,3.1,3.1,4.4,4.4,6.3,3.1,2.5,1.3,19.5,3.1,1.3,6.3,10.1,3.8,6.3,5.7,2.5,0.6,1.3,159,1bgeb,9
7.6,3.5,3.5,2.9,3.5,5.2,2.9,3.5,6.4,11.0,2.3,8.7,5.2,5.8,4.1,5.2,5.8,9.3,0.0,3.5,172,1lki,9
4.8,2.4,4.2,7.8,4.8,3.6,0.6,4.2,4.2,15.1,1.2,5.4,4.8,6.0,4.8,10.2,4.8,4.2,2.4,4.2,166,1huw,9
5.0,3.4,3.4,10.1,4.2,2.5,2.5,4.2,5.0,11.8,3.4,3.4,7.6,5.9,4.2,7.6,9.2,3.4,1.7,1.7,119,1gmfa,9
6.2,4.7,3.1,7.8,4.7,2.3,3.9,4.7,9.3,12.4,0.8,4.7,0.8,5.4,7.0,6.2,11.6,2.3,0.8,1.6,129,1rcb,9
3.5,4.9,7.0,8.4,6.3,1.4,2.1,4.9,7.7,11.2,2.8,6.3,2.1,7.0,3.5,7.0,5.6,4.9,0.7,2.8,143,1hmcb,9
5.3,2.6,5.3,7.9,6.6,3.3,2.0,4.6,8.6,12.6,4.6,7.9,3.3,5.3,6.0,4.6,2.6,3.3,0.0,3.3,151,1ilk,9
3.8,0.6,1.3,8.8,5.7,1.3,1.3,5.0,6.9,12.6,4.4,6.9,0.6,8.2,8.2,4.4,6.9,5.7,2.5,5.0,159,1ifa,9
2.5,0.0,8.4,7.6,8.4,3.4,0.0,10.9,12.6,8.4,2.5,6.7,2.5,9.2,2.5,7.6,0.0,4.2,0.8,1.7,119,1rfba,9
5.6,1.4,5.6,8.5,8.5,7.0,0.0,2.8,11.3,15.5,2.8,5.6,1.4,5.6,4.2,4.2,5.6,1.4,1.4,1.4,71,1pou,10
12.6,0.0,2.3,11.5,2.3,6.9,0.0,5.7,8.0,11.5,3.4,5.7,2.3,4.6,3.4,8.0,1.1,5.7,0.0,4.6,87,1lmb3,10
9.2,1.5,1.5,6.2,3.1,4.6,0.0,6.2,9.2,12.3,4.6,1.5,3.1,9.2,7.7,3.1,9.2,4.6,1.5,1.5,65,2cro,10
9.2,1.3,2.6,6.6,0.0,6.6,0.0,3.9,7.9,13.2,3.9,6.6,2.6,6.6,7.9,7.9,3.9,5.3,1.3,2.6,76,1adr,10
12.1,0.0,4.5,4.5,4.5,6.1,1.5,7.6,12.1,4.5,3.0,4.5,3.0,4.5,4.5,4.5,9.1,4.5,0.0,4.5,66,1croa,10
2.6,0.0,5.3,17.1,6.6,6.6,0.0,2.6,13.2,15.8,1.3,2.6,5.3,5.3,0.0,7.9,2.6,3.9,0.0,1.3,76,4icb,11
10.1,0.0,12.8,7.3,7.3,8.3,1.8,5.5,14.7,8.3,2.8,0.0,0.0,0.9,0.9,10.1,4.6,4.6,0.0,0.0,109,1rtp1,11
11.8,0.0,8.8,17.6,5.9,8.8,0.0,11.8,5.9,8.8,0.0,5.9,0.0,0.0,5.9,2.9,2.9,0.0,0.0,2.9,34,1ctaa,11
4.9,0.5,4.9,13.0,7.6,4.3,1.6,6.5,11.9,9.2,1.1,3.2,3.8,4.3,2.7,5.9,7.0,3.2,1.6,2.7,185,1rec,11
7.5,0.0,10.3,7.5,8.6,7.5,0.6,4.6,6.9,6.9,5.7,6.3,2.9,0.6,2.9,6.3,5.7,6.3,1.7,1.1,174,2scpa,11
6.5,2.2,11.9,5.4,5.9,5.9,0.5,3.8,8.1,8.1,3.8,5.9,2.7,4.9,3.2,4.9,4.3,5.4,2.2,4.3,185,2sas,11
6.0,2.0,12.8,11.4,8.1,10.1,1.3,3.4,6.0,9.4,2.7,2.0,2.7,2.7,4.0,2.7,3.4,6.7,0.7,2.0,149,2scmc,11
2.5,0.0,2.5,10.0,5.0,2.5,0.0,2.5,5.0,10.0,7.5,7.5,5.0,5.0,7.5,7.5,0.0,12.5,2.5,5.0,40,1mylb,12
7.7,1.0,4.8,13.5,1.9,3.8,2.9,6.7,7.7,8.7,1.9,3.8,5.8,2.9,6.7,5.8,5.8,3.8,1.9,2.9,104,1cmca,12
5.3,2.3,6.8,8.3,7.5,3.0,0.8,6.0,10.5,10.5,3.8,3.8,5.3,3.8,4.5,5.3,3.0,3.0,1.5,5.3,133,2gsta2,57
9.2,1.5,5.4,6.2,3.8,6.2,2.3,3.8,7.7,13.1,0.8,6.2,5.4,5.4,3.8,5.4,2.3,6.9,0.0,4.6,130,1gsra2,13
8.7,3.1,6.3,7.9,4.7,5.5,1.6,3.9,11.0,11.8,0.8,3.1,5.5,2.4,4.7,3.1,3.9,8.7,0.0,3.1,127,1gsq2,13
4.4,8.9,6.7,1.1,0.0,10.0,3.3,6.7,3.3,7.8,0.0,8.9,6.7,5.6,6.7,10.0,1.1,6.7,0.0,2.2,90,1lpt,14
8.3,8.3,2.5,5.8,1.7,9.9,2.5,4.1,1.7,9.9,2.5,1.7,7.4,5.0,8.3,5.0,5.8,7.4,0.8,1.7,121,1bip,14
11.0,1.4,6.9,2.8,4.8,10.3,1.4,4.1,2.8,2.8,2.8,7.6,2.1,2.8,7.6,9.7,4.1,5.5,1.4,8.3,145,1ezm2,15
8.7,0.0,6.8,3.7,3.1,11.2,1.9,7.5,5.0,5.0,0.6,5.0,3.1,5.0,3.1,9.9,6.2,6.8,0.6,6.8,161,8tlne2,15
5.8,0.3,8.2,6.9,6.2,8.6,2.1,3.4,7.9,8.9,1.7,6.9,5.2,3.1,3.1,5.2,4.5,4.8,2.4,4.8,291,7ccp,16
10.2,2.3,7.3,4.7,7.9,9.9,2.9,5.5,2.9,5.2,2.3,3.2,8.2,5.2,2.3,6.4,5.8,6.7,0.9,0.0,343,1lgaa,16
6.8,1.0,6.8,5.8,5.8,6.8,1.0,1.9,1.9,8.7,2.9,4.9,9.7,4.9,8.7,4.9,6.8,4.9,2.9,2.9,103,1mypa,16
5.8,2.6,4.8,4.1,4.3,5.8,1.1,5.6,2.6,11.3,3.2,7.4,7.8,5.0,9.5,5.4,4.8,4.8,1.5,2.6,462,1mypc,16
7.7,2.0,5.4,7.9,4.4,6.2,3.2,6.2,3.0,10.4,2.5,3.0,7.4,5.4,6.4,5.7,4.0,5.9,1.2,2.2,405,2cp4,17
7.2,0.7,7.2,7.9,5.5,5.5,2.8,4.8,7.9,10.9,3.1,4.2,5.7,4.8,4.4,3.7,4.8,5.3,1.1,2.6,457,2hpda,17
9.2,1.2,7.5,5.8,5.1,6.3,2.7,6.1,4.1,8.7,3.4,3.9,6.3,2.9,6.1,5.6,5.3,5.1,1.2,3.4,412,1cpt,17
3.0,7.5,8.2,3.7,3.7,8.2,5.2,3.0,9.0,6.7,2.2,3.7,3.7,0.7,4.5,7.5,8.2,3.7,1.5,6.0,134,1poc,18
9.3,11.9,8.5,2.5,3.4,8.5,0.8,3.4,4.2,4.2,0.8,8.5,3.4,3.4,4.2,5.1,4.2,3.4,2.5,7.6,118,1poa,18
5.0,11.6,5.8,5.8,1.7,5.8,2.5,4.1,15.7,6.6,1.7,5.8,2.5,1.7,3.3,4.1,5.8,2.5,1.7,6.6,121,1ppa,18
3.2,0.0,3.2,16.1,0.0,3.2,3.2,0.0,16.1,19.4,3.2,6.5,0.0,3.2,6.5,3.2,0.0,9.7,0.0,3.2,31,2ztaa,19
15.2,0.0,6.5,2.2,0.0,15.2,0.0,13.0,4.3,8.7,4.3,0.0,0.0,2.2,2.2,6.5,4.3,10.9,0.0,4.3,46,1pfia,19
3.3,0.0,1.7,0.0,1.7,3.3,1.7,11.7,13.3,13.3,1.7,3.3,1.7,8.3,11.7,6.7,0.0,5.0,6.7,5.0,60,1scma,19
4.2,2.3,5.6,4.2,4.2,6.6,0.9,6.1,5.2,6.6,0.9,6.1,4.2,5.6,4.2,15.0,8.9,3.8,1.4,3.8,213,6fabl,20
2.9,1.9,4.4,5.8,3.4,3.4,2.9,1.9,8.7,7.3,1.5,5.3,8.3,5.8,2.9,9.2,6.8,11.2,1.9,4.4,206,1fc2d,20
2.2,2.2,5.6,5.1,2.8,7.3,1.1,5.6,10.1,11.8,0.0,5.1,3.4,8.4,2.8,10.1,7.3,6.7,1.7,0.6,178,3cd4,20
4.5,1.1,1.7,9.6,2.8,5.1,0.0,4.0,7.3,11.3,2.3,4.0,5.1,9.6,2.8,11.3,6.8,7.9,1.7,1.1,177,1cid,20
2.8,2.2,8.4,6.7,3.4,3.9,1.7,7.3,16.2,7.8,1.1,4.5,2.8,3.9,1.7,7.3,9.5,4.5,2.2,2.2,179,1hnf,20
1.0,2.0,5.9,8.9,6.9,3.0,4.0,3.0,4.0,10.9,0.0,5.0,10.9,0.0,5.0,3.0,8.9,12.9,3.0,2.0,101,1dlha2,20
2.0,2.0,1.0,8.2,3.1,7.1,3.1,2.0,3.1,7.1,1.0,3.1,7.1,6.1,6.1,8.2,9.2,14.3,3.1,3.1,98,1dlhb,20
5.5,2.2,4.4,7.7,2.2,6.6,5.5,2.2,4.4,11.0,1.1,1.1,7.7,5.5,4.4,3.3,8.8,7.7,4.4,4.4,91,1vaaa2,20
3.0,2.0,6.1,6.1,4.0,2.0,5.1,7.1,9.1,3.0,5.1,4.0,9.1,5.1,3.0,6.1,8.1,5.1,2.0,5.1,99,1vaab,20
6.1,2.6,3.5,4.4,8.8,6.1,0.9,0.9,3.5,13.2,0.9,4.4,6.1,4.4,6.1,11.4,6.1,5.3,1.8,3.5,114,1cd8,20
6.8,4.9,10.7,11.7,3.9,4.9,1.9,2.9,7.8,4.9,2.9,2.9,4.9,1.0,1.9,4.9,6.8,9.7,1.0,3.9,103,1tlk,20
4.4,1.1,3.3,9.9,3.3,5.5,1.1,3.3,6.6,4.4,1.1,2.2,3.3,5.5,5.5,12.1,13.2,9.9,1.1,3.3,91,1tnn,20
5.9,0.0,2.9,0.0,2.0,8.8,1.0,6.9,2.9,5.9,2.0,5.9,4.9,3.9,6.9,13.7,13.7,8.8,1.0,2.9,102,1gof1,20
10.6,0.0,2.4,1.2,3.5,14.1,1.2,7.1,4.7,1.2,1.2,7.1,4.7,1.2,1.2,5.9,15.3,12.9,1.2,3.5,85,1cgt1,20
5.3,1.8,10.1,5.3,5.3,3.5,7.0,4.4,7.9,8.3,2.2,4.4,5.3,2.2,3.5,5.7,4.8,8.3,0.9,3.9,228,1oxy1,20
8.0,1.0,5.0,6.0,6.0,6.0,1.0,9.0,8.0,2.0,1.0,7.0,2.0,1.0,2.0,9.0,11.0,9.0,0.0,6.0,100,1clc1,20
15.6,1.8,5.5,2.8,1.8,10.1,0.0,3.7,7.3,4.6,0.9,9.2,2.8,2.8,0.9,6.4,9.2,9.2,3.7,1.8,109,1ctn1,20
4.0,0.0,6.9,4.0,3.0,6.9,2.0,12.9,2.0,7.9,0.0,7.9,10.9,4.0,7.9,6.9,3.0,7.9,1.0,1.0,101,1ncia,20
14.3,3.6,4.5,1.8,1.8,14.3,1.8,2.7,2.7,3.6,0.0,1.8,4.5,4.5,0.0,8.0,14.3,14.3,0.9,0.9,112,2mcm,20
7.3,2.0,7.3,5.3,3.3,18.0,5.3,4.7,6.0,6.0,0.7,6.0,2.7,2.0,2.0,6.0,4.7,10.0,0.0,0.7,150,1xsoa,20
7.7,0.0,3.3,4.4,1.1,9.9,0.0,7.7,3.3,4.4,0.0,2.2,7.7,1.1,4.4,12.1,13.2,9.9,1.1,6.6,91,1fna,20
4.5,0.0,11.2,9.0,2.2,5.6,0.0,9.0,5.6,7.9,1.1,3.4,5.6,2.2,3.4,6.7,13.5,4.5,1.1,3.4,89,1ten,20
10.0,2.0,6.0,3.0,5.0,3.0,3.0,7.0,4.0,2.0,1.0,6.0,8.0,7.0,2.0,10.0,9.0,6.0,3.0,3.0,100,1cfb1,20
1.1,6.7,4.4,10.0,6.7,4.4,3.3,5.6,5.6,2.2,0.0,4.4,5.6,3.3,4.4,10.0,8.9,5.6,3.3,4.4,90,3hhr1,20
3.8,0.0,4.7,8.5,0.9,3.8,0.9,4.7,6.6,9.4,3.8,5.7,6.6,4.7,4.7,5.7,5.7,10.4,3.8,5.7,106,3hhr2,20
4.1,2.0,5.1,9.2,4.1,2.0,0.0,3.1,8.2,6.1,0.0,6.1,6.1,3.1,1.0,7.1,14.3,8.2,3.1,7.1,98,2hft1,20
8.4,0.0,5.9,5.9,3.4,2.5,0.0,7.6,6.7,10.1,1.7,5.0,8.4,5.9,6.7,7.6,5.9,5.0,0.8,2.5,119,3dpa1,20
3.7,0.0,8.1,5.9,7.4,8.1,2.2,3.7,9.6,10.4,3.0,3.7,4.4,4.4,2.2,4.4,5.2,8.9,0.7,3.7,135,1rsy,20
2.0,2.0,5.1,7.1,5.1,2.0,4.0,7.1,9.1,6.1,2.0,5.1,9.1,5.1,3.0,6.1,8.1,6.1,2.0,4.0,99,1frub,20
6.5,1.9,3.7,1.9,3.7,8.9,1.4,2.3,5.1,7.5,1.4,3.7,5.6,3.3,4.2,12.1,7.9,11.2,2.3,5.1,214,8fabb,20
3.9,1.3,5.2,3.9,3.9,8.4,5.8,8.4,7.7,5.8,0.6,5.2,5.2,1.9,4.5,11.0,6.5,8.4,0.6,1.9,155,1ddt3,21
10.9,1.8,0.9,0.0,5.5,13.6,0.9,0.9,0.9,2.7,0.0,8.2,6.4,6.4,0.9,11.8,14.5,9.1,4.5,0.0,110,1exg,21
7.2,1.2,4.2,5.4,3.6,7.8,1.2,7.8,7.8,7.2,1.2,7.2,10.8,4.8,3.6,3.6,2.4,8.4,0.0,4.8,167,1ctm1,21
6.7,0.0,1.9,2.9,5.8,9.6,1.9,2.9,3.8,4.8,0.0,8.7,3.8,5.8,1.0,7.7,15.4,9.6,3.8,3.8,104,1cgt2,22
9.3,0.8,4.2,8.5,4.2,5.9,3.4,4.2,6.8,5.9,0.8,2.5,5.9,0.0,3.4,8.5,9.3,10.2,1.7,4.2,118,1etb1,22
10.5,1.0,6.0,7.5,5.0,8.0,3.5,6.0,2.5,9.0,0.5,6.5,6.0,4.5,5.5,2.0,6.0,5.5,1.5,3.0,200,2pcda,22
6.9,1.3,6.4,2.6,4.3,8.2,3.4,7.3,3.9,7.7,1.7,6.0,9.4,3.9,7.3,5.2,4.3,4.7,1.7,3.9,233,2pcdm,22
7.1,1.0,7.1,8.1,7.1,10.1,2.0,6.1,6.1,6.1,2.0,6.1,5.1,1.0,0.0,12.1,2.0,9.1,0.0,2.0,99,1plc,23
8.1,0.8,8.1,4.1,4.1,9.8,2.4,2.4,10.6,7.3,5.7,3.3,5.7,4.1,2.4,2.4,4.1,12.2,0.0,2.4,123,1pmy,23
12.4,1.0,4.8,8.6,3.8,6.7,4.8,3.8,7.6,3.8,4.8,1.9,6.7,1.0,1.9,2.9,7.6,11.4,1.0,3.8,105,1aaj,23
10.9,2.3,7.0,5.4,3.1,9.3,3.9,2.3,10.1,5.4,5.4,3.1,1.6,3.1,0.8,6.2,7.0,8.5,1.6,3.1,129,2azaa,23
5.8,3.5,2.3,1.2,7.0,10.5,2.3,4.7,7.0,4.7,2.3,9.3,5.8,4.7,3.5,5.8,7.0,7.0,2.3,3.5,86,1cbp,23
5.4,1.6,3.1,5.4,5.4,11.6,4.7,7.0,3.1,4.7,2.3,7.0,6.2,4.7,3.1,4.7,6.2,7.0,3.1,3.9,129,1aoza1,23
6.2,1.4,5.3,3.8,3.3,5.7,2.9,6.7,4.8,8.6,0.5,5.7,8.6,3.8,3.8,10.0,6.7,4.3,2.4,5.3,209,1aoza2,23
6.1,0.9,4.2,5.6,5.1,7.9,4.2,5.6,5.6,7.9,2.3,8.9,9.3,1.9,2.8,2.8,4.7,8.4,2.3,3.3,214,1aoza3,23
6.3,0.6,5.7,6.9,3.8,8.8,5.0,4.4,5.7,8.2,3.8,4.4,7.5,1.3,3.8,1.9,8.8,11.3,0.6,1.3,159,1nrd1,23
6.1,0.8,5.3,11.5,2.3,10.7,3.8,5.3,7.6,6.9,0.8,3.1,6.1,0.8,0.0,9.2,6.1,9.9,1.5,2.3,131,1htp,24
5.0,1.2,7.5,12.5,3.8,10.0,1.2,7.5,7.5,7.5,0.0,2.5,7.5,2.5,0.0,1.2,5.0,15.0,1.2,1.2,80,1lac,24
3.2,0.0,5.7,10.1,5.1,10.8,1.9,9.5,5.1,7.0,1.9,3.2,7.0,3.2,2.5,7.6,5.1,11.4,0.0,0.0,158,1gpr,24
10.7,0.0,1.8,1.8,2.7,8.0,0.0,5.4,3.6,7.1,0.0,10.7,2.7,2.7,3.6,11.6,12.5,8.9,1.8,4.5,112,1cgt4,25
5.9,2.0,5.9,2.0,1.0,13.7,0.0,5.9,6.9,6.9,2.0,2.9,4.9,2.9,2.0,8.8,12.7,7.8,1.0,4.9,102,6taa2,25
6.5,2.2,7.5,3.2,6.5,12.9,1.1,6.5,3.2,3.2,0.0,8.6,3.2,4.3,2.2,11.8,5.4,6.5,3.2,2.2,93,1ppi2,25
11.9,0.0,3.4,1.7,3.4,11.9,1.7,1.7,0.0,6.8,0.0,6.8,1.7,6.8,3.4,18.6,3.4,13.6,1.7,1.7,59,1amg2,25
10.7,0.0,8.9,7.1,1.8,10.7,3.6,8.9,8.9,8.9,0.0,5.4,3.6,1.8,1.8,1.8,0.0,8.9,1.8,5.4,56,1amy2,25
6.1,0.7,6.6,3.5,5.2,6.6,3.1,5.4,3.5,8.2,2.6,4.7,6.6,5.2,5.9,6.4,8.0,5.2,1.4,5.2,425,2bpa1,26
6.9,2.9,5.7,1.1,6.9,5.7,1.7,4.0,4.0,8.0,1.7,6.3,5.7,3.4,2.9,9.1,9.1,10.9,0.6,3.4,175,2bpa2,26
7.1,0.5,4.9,2.2,3.8,7.6,2.2,8.2,3.3,8.2,2.7,9.2,2.2,5.4,6.0,6.5,9.8,7.1,1.1,2.2,184,2stv,26
9.5,2.0,3.0,4.0,2.0,6.5,1.0,5.5,3.0,8.5,2.5,5.5,4.5,2.0,3.5,8.0,12.1,10.1,2.0,4.5,199,4sbva,26
9.2,1.4,5.6,2.5,4.2,9.5,0.7,2.8,2.1,12.7,0.4,6.0,4.2,2.5,4.2,7.4,10.6,10.2,0.7,3.2,284,2tbva,26
11.2,1.6,4.4,2.8,6.5,6.9,0.6,4.7,2.5,6.2,1.6,6.5,8.7,4.4,3.1,7.5,7.8,10.0,1.2,1.9,321,2bbvc,26
9.1,1.1,3.8,5.4,2.2,4.8,3.8,4.3,4.3,9.1,1.6,4.3,7.5,3.8,6.5,3.8,12.4,7.0,0.5,4.8,186,1bbt1,26
5.9,1.5,3.4,4.9,4.9,7.3,3.9,2.9,3.4,7.3,2.0,5.4,5.4,3.9,3.9,5.4,11.2,11.7,1.5,4.4,205,1bbt2,26
6.0,0.7,5.1,4.2,5.1,7.1,2.0,4.7,3.6,6.2,2.2,8.9,7.5,4.7,3.8,4.9,9.9,6.6,2.6,4.0,548,2cas,26
7.7,1.1,5.5,5.1,3.7,4.8,3.7,5.1,6.2,5.5,1.8,5.5,5.9,2.6,4.8,8.4,8.1,7.7,1.5,5.5,273,4rhv1,26
5.1,2.4,4.3,3.1,3.5,7.5,3.1,6.3,3.9,7.5,2.4,6.3,6.7,3.1,2.7,8.2,9.8,9.4,1.6,3.1,255,4rhv2,26
4.2,0.8,4.7,3.4,3.8,7.2,2.1,6.4,2.5,11.4,2.1,3.8,7.6,5.5,3.8,7.2,12.3,5.1,1.7,4.2,236,4rhv3,26
5.6,1.9,4.9,4.5,7.5,7.5,1.5,2.6,4.9,6.7,0.7,4.9,9.7,3.4,3.4,8.2,9.0,7.8,1.5,4.1,268,2mev1,26
6.8,0.8,4.8,3.6,4.0,6.0,3.6,2.8,2.4,8.0,1.2,5.6,5.6,5.2,5.6,7.2,10.8,9.2,2.8,3.6,249,2mev2,26
9.5,1.3,3.0,1.7,4.8,6.1,0.9,5.6,4.3,6.5,3.0,3.9,10.0,3.9,2.2,7.8,10.8,7.4,2.2,5.2,231,2mev3,26
8.7,0.0,4.3,0.0,6.5,10.9,0.0,4.3,2.2,10.9,4.3,10.9,0.0,8.7,0.0,15.2,4.3,0.0,2.2,6.5,46,1fod4,26
0.0,7.1,7.1,3.5,5.9,8.2,3.5,4.7,1.2,4.7,2.4,4.7,5.9,8.2,9.4,8.2,2.4,1.2,2.4,9.4,85,4gcr1,27
9.0,0.0,4.0,6.0,5.0,7.0,0.0,7.0,4.0,6.0,1.0,10.0,7.0,7.0,4.0,5.0,3.0,11.0,0.0,4.0,100,1prs1,27
7.3,0.8,2.4,5.6,8.1,8.9,2.4,7.3,8.9,9.7,2.4,6.5,1.6,1.6,2.4,6.5,5.6,6.5,1.6,4.0,124,2sblb1,28
0.9,1.8,4.5,5.4,5.4,7.1,1.8,5.4,8.9,8.0,0.9,7.1,4.5,2.7,3.6,8.0,8.0,11.6,1.8,2.7,112,1lpbb2,28
9.3,1.3,5.3,3.3,3.3,8.7,2.0,5.3,3.3,2.7,1.3,9.3,5.3,4.0,4.0,10.7,8.7,4.7,4.0,3.3,150,1gof3,29
6.9,0.7,5.6,2.1,6.9,7.6,0.7,8.3,6.2,6.9,0.7,5.6,4.2,4.9,2.1,9.7,9.0,5.6,0.0,6.2,144,1dlc3,29
7.4,0.0,6.2,2.3,7.4,6.8,1.1,5.7,6.2,4.5,0.0,8.5,4.0,3.4,2.3,7.4,11.9,9.1,1.7,4.0,176,1lena,30
5.6,0.9,5.6,3.7,6.1,12.1,1.9,3.7,6.5,4.7,1.4,8.9,3.3,1.9,0.9,7.0,8.9,5.1,3.7,7.9,214,2ayh,30
9.0,4.5,6.0,6.0,7.5,8.3,1.5,3.8,6.0,10.5,0.0,9.8,4.5,2.3,3.8,5.3,2.3,6.8,0.8,1.5,133,1slta,30
3.9,1.0,4.4,6.4,4.9,7.4,2.0,6.4,5.4,9.8,0.5,3.9,5.9,4.4,4.4,8.3,3.9,8.8,2.5,5.9,204,1saca,30
6.2,4.6,5.5,4.4,3.5,11.8,0.9,2.3,3.0,5.5,1.4,6.9,4.4,4.1,1.6,11.5,10.6,4.8,2.1,4.6,434,1cela,30
4.9,0.0,3.8,1.1,2.2,13.5,1.1,3.2,2.7,2.2,1.1,9.7,3.2,2.7,3.8,9.7,13.5,7.6,5.9,8.1,185,1xnb,30
10.6,0.0,0.0,12.8,8.5,6.4,4.3,2.1,2.1,8.5,0.0,2.1,4.3,0.0,2.1,8.5,8.5,10.6,4.3,4.3,47,1lobd,30
6.8,0.0,8.5,10.2,5.1,6.8,1.7,3.4,3.4,8.5,0.0,3.4,3.4,1.7,3.4,8.5,8.5,6.8,3.4,6.8,59,1shfa,31
5.3,0.0,8.8,7.0,1.8,3.5,0.0,1.8,14.0,12.3,1.8,5.3,3.5,3.5,3.5,3.5,5.3,10.5,3.5,5.3,57,1shg,31
3.9,0.0,7.9,13.2,2.6,14.5,1.3,5.3,3.9,9.2,0.0,3.9,2.6,2.6,6.6,2.6,5.3,3.9,1.3,9.2,76,1pkt,31
5.6,1.4,5.6,9.9,5.6,9.9,1.4,5.6,9.9,4.2,1.4,4.2,4.2,5.6,4.2,4.2,2.8,5.6,4.2,4.2,71,2hsp,31
8.6,3.4,5.2,5.2,3.4,8.6,1.7,6.9,12.1,3.4,0.0,6.9,5.2,3.4,3.4,0.0,6.9,8.6,1.7,5.2,58,1cska,31
3.4,1.7,6.9,6.9,8.6,6.9,0.0,5.2,5.2,6.9,0.0,12.1,6.9,5.2,5.2,3.4,3.4,5.2,3.4,3.4,58,1sema,31
5.8,0.0,2.9,7.2,4.3,13.0,1.4,8.7,7.2,4.3,0.0,8.7,1.4,0.0,4.3,8.7,2.9,11.6,1.4,5.8,69,1pse,31
4.8,0.0,4.8,9.7,3.2,11.3,0.0,4.8,21.0,4.8,3.2,0.0,1.6,4.8,3.2,4.8,4.8,8.1,1.6,3.2,62,1sso,31
4.9,1.9,3.9,7.8,1.9,2.9,1.0,11.7,9.7,4.9,3.9,5.8,2.9,4.9,3.9,7.8,11.7,3.9,1.0,3.9,103,1ltsd,32
2.9,2.9,7.2,4.3,5.8,8.7,1.4,4.3,7.2,7.2,1.4,7.2,1.4,2.9,2.9,4.3,14.5,8.7,1.4,2.9,69,1bova,32
11.8,3.6,5.5,3.6,1.8,5.5,1.8,4.5,2.7,8.2,2.7,1.8,2.7,3.6,7.3,8.2,7.3,6.4,0.0,10.9,110,1prtc2,32
8.2,3.6,3.6,4.5,4.5,6.4,0.9,1.8,7.3,9.1,7.3,0.9,10.0,3.6,5.5,5.5,4.5,10.9,0.0,1.8,110,1prtd,32
8.2,4.1,5.1,6.1,5.1,7.1,3.1,3.1,5.1,15.3,2.0,3.1,5.1,3.1,3.1,6.1,7.1,3.1,1.0,4.1,98,1prtf,32
8.8,0.0,4.4,8.1,2.2,7.4,2.9,3.7,15.4,8.1,2.9,3.7,4.4,3.7,3.7,2.2,5.9,6.6,0.7,5.1,136,1kab,32
1.1,0.0,7.5,4.3,4.3,6.5,2.2,7.5,8.6,6.5,1.1,7.5,3.2,2.2,2.2,15.1,11.8,3.2,1.1,4.3,93,1tssa1,32
7.3,0.0,6.6,6.6,2.2,5.1,1.5,7.3,10.2,10.2,0.7,4.4,2.2,5.8,5.8,6.6,7.3,8.0,0.7,1.5,137,1asza1,32
7.9,0.4,8.2,6.8,3.9,5.4,2.1,9.3,10.0,6.1,0.7,6.1,7.1,2.5,2.1,3.9,6.8,4.6,2.1,3.9,280,1pyp,32
9.1,1.1,8.0,8.6,3.4,5.1,2.9,5.1,9.1,8.6,1.7,4.0,7.4,1.1,2.3,4.6,2.9,9.1,1.1,4.6,175,1igp,32
7.5,0.0,3.0,14.9,10.4,13.4,1.5,4.5,7.5,3.0,1.5,4.5,1.5,6.0,1.5,4.5,3.0,10.4,1.5,0.0,67,1csp,32
4.7,1.2,3.5,4.7,3.5,8.2,1.2,4.7,5.9,11.8,1.2,2.4,7.1,7.1,4.7,8.2,4.7,9.4,0.0,5.9,85,1bgh,32
4.9,0.0,4.9,7.4,1.2,3.7,3.7,4.9,17.3,4.9,2.5,1.2,2.5,1.2,8.6,3.7,6.2,14.8,0.0,6.2,81,1rip,32
3.9,1.6,4.7,7.1,4.7,10.2,3.1,4.7,7.9,13.4,0.8,3.9,4.7,4.7,3.9,5.5,6.3,3.1,0.8,4.7,127,1bara,33
2.7,0.7,4.8,7.5,5.5,4.8,2.1,4.8,10.3,9.6,2.7,6.2,5.5,7.5,2.1,8.9,2.7,7.5,0.7,3.4,146,8i1b,33
6.3,2.8,5.6,6.3,6.3,6.3,1.4,4.2,5.6,8.5,3.5,5.6,4.9,5.6,4.2,6.3,5.6,7.0,1.4,2.1,142,1ilr1,33
9.0,0.7,4.8,5.5,5.5,3.4,2.1,9.0,6.9,9.7,2.1,6.2,4.1,4.8,2.1,4.8,8.3,4.8,1.4,4.8,145,2ila,33
4.3,3.6,5.0,5.7,0.0,9.3,0.7,7.1,5.7,5.7,3.6,6.4,2.1,2.1,5.7,8.6,8.6,5.7,3.6,6.4,140,1abrb1,33
3.1,3.1,7.9,0.8,2.4,7.1,0.8,5.5,6.3,7.9,3.9,7.1,3.1,7.1,1.6,12.6,6.3,4.7,4.7,3.9,127,1abrb2,33
4.2,2.4,6.6,7.8,3.0,8.4,1.2,3.6,7.2,9.6,0.0,2.4,6.0,5.4,4.2,6.6,4.8,9.6,1.8,4.8,166,1tie,33
4.2,0.8,5.1,5.9,4.2,11.0,26.3,5.1,7.6,5.9,0.8,1.7,0.0,0.8,0.8,6.8,5.1,5.1,0.0,2.5,118,1hce,33
4.4,2.9,5.9,7.4,2.9,11.8,2.9,5.1,11.0,7.4,1.5,3.7,5.9,0.7,2.9,6.6,5.9,7.4,0.7,2.9,136,1fnc1,34
2.6,2.6,5.3,4.4,5.3,9.6,4.4,5.3,7.0,11.4,2.6,1.8,7.0,1.8,6.1,5.3,4.4,8.8,0.0,4.4,114,2cnd1,34
7.8,1.0,7.8,6.8,3.9,7.8,0.0,5.8,3.9,6.8,0.0,5.8,6.8,2.9,8.7,9.7,5.8,5.8,1.0,1.9,103,2pia1,34
4.0,0.0,5.0,10.0,2.0,13.0,1.0,5.0,6.0,7.0,2.0,1.0,6.0,2.0,9.0,2.0,9.0,16.0,0.0,0.0,100,1eft2,34
7.4,0.0,5.0,9.9,1.7,9.9,2.5,6.6,5.0,9.9,1.7,2.5,7.4,0.0,6.6,3.3,8.3,9.1,0.0,3.3,121,1efg2,34
10.6,2.3,4.9,1.9,2.7,12.5,2.3,3.4,1.9,4.9,1.1,6.5,4.9,3.4,4.6,12.2,8.7,5.3,2.7,3.0,263,1arb,35
10.5,2.2,2.2,1.1,2.8,17.7,1.7,5.0,0.0,5.5,0.6,6.6,2.2,3.3,3.9,11.6,11.6,6.6,0.6,4.4,181,2sga,35
12.1,3.0,1.0,2.0,3.0,16.2,0.5,4.0,1.0,5.1,1.0,6.6,2.0,4.5,6.1,10.1,9.1,9.6,1.0,2.0,198,2alp,35
9.3,7.0,0.0,0.0,2.3,11.6,4.7,7.0,2.3,4.7,0.0,7.0,2.3,4.7,0.0,16.3,2.3,9.3,2.3,7.0,43,1epta,35
2.8,2.8,8.3,16.7,5.6,11.1,0.0,2.8,8.3,13.9,0.0,0.0,2.8,0.0,8.3,8.3,5.6,0.0,0.0,2.8,36,1ppbl,35
6.0,0.0,5.3,6.6,4.0,12.6,4.0,4.0,6.6,5.3,3.3,3.3,4.6,1.3,5.3,6.6,7.9,8.6,2.0,2.6,151,2snv,35
7.5,1.5,6.0,6.0,1.5,6.0,3.0,7.5,9.0,10.4,3.0,3.0,6.0,1.5,7.5,4.5,3.0,4.5,3.0,6.0,67,2hnte,35
5.3,4.6,9.2,5.9,2.6,9.9,2.0,5.9,4.6,9.9,2.6,2.6,7.9,3.9,0.7,6.6,7.9,2.6,2.6,2.6,152,2kaib,35
3.7,3.7,5.5,4.6,3.7,11.9,0.9,4.6,7.3,4.6,2.8,3.7,5.5,3.7,7.3,6.4,2.8,10.1,2.8,4.6,109,1bbre,35
5.1,0.0,4.0,6.1,3.0,11.1,0.0,11.1,5.1,10.1,2.0,8.1,5.1,2.0,3.0,4.0,7.1,9.1,1.0,3.0,99,2hpea,36
4.4,0.9,7.1,5.3,0.9,8.0,1.8,8.0,2.7,14.2,5.3,2.7,6.2,1.8,8.8,6.2,6.2,7.1,1.8,0.9,113,2rspb,36
8.8,0.6,6.4,1.5,6.1,11.5,0.3,5.5,3.3,5.8,0.0,1.8,3.9,2.7,0.3,14.8,14.2,7.0,1.5,3.9,330,2er7e,36
2.4,0.0,4.8,7.1,7.1,7.1,2.4,2.4,19.0,11.9,2.4,0.0,4.8,0.0,7.1,2.4,4.8,7.1,2.4,4.8,42,1htrp,36
5.6,1.1,8.7,3.4,7.3,11.5,0.6,4.5,4.2,6.2,1.1,5.0,4.8,3.6,1.4,9.2,7.8,8.4,0.6,5.0,357,1mpp,36
8.5,0.0,8.5,6.4,2.1,8.5,0.0,4.3,12.8,4.3,2.1,2.1,4.3,8.5,4.3,4.3,8.5,4.3,2.1,4.3,47,1hrnb,36
9.6,6.7,7.2,2.4,7.2,11.5,0.5,2.9,3.8,2.9,0.5,5.7,7.2,4.3,5.3,7.2,4.8,5.3,2.9,2.4,209,1eng,37
12.8,4.8,8.0,0.8,2.4,9.6,1.6,3.2,3.2,4.8,0.0,6.4,4.8,6.4,5.6,3.2,7.2,5.6,4.0,5.6,125,1bw4,37
4.5,0.9,5.4,10.7,4.5,5.4,0.9,4.5,10.7,9.8,2.7,5.4,0.9,2.7,5.4,6.2,3.6,7.1,3.6,5.4,112,1dyna,38
3.5,1.8,5.3,7.1,7.1,6.2,6.2,6.2,12.4,6.2,3.5,2.7,4.4,3.5,4.4,4.4,5.3,5.3,2.7,1.8,113,1pls,38
8.0,3.4,9.1,5.7,6.8,6.2,1.1,2.8,5.7,6.2,2.3,5.1,2.8,4.5,6.8,5.7,4.5,6.8,2.3,4.0,176,1hbq,39
4.6,2.3,5.8,6.9,2.9,8.7,3.5,4.0,11.6,3.5,0.0,6.4,3.5,1.2,0.6,6.9,4.0,11.6,2.9,9.2,173,1bbpa,39
9.1,1.2,6.7,7.9,4.3,6.1,3.0,4.3,8.5,10.4,2.4,1.8,1.2,1.2,2.4,6.7,8.5,8.5,0.6,4.9,164,1epab,39
4.5,1.9,7.0,12.7,5.7,5.7,3.2,7.0,5.7,9.6,1.9,7.6,1.3,1.9,5.1,6.4,5.7,3.8,0.6,2.5,157,1mup,39
4.6,0.0,5.3,10.7,6.1,9.2,0.8,5.3,11.5,6.9,2.3,7.6,0.0,1.5,4.6,3.1,7.6,8.4,1.5,3.1,131,1ifc,39
5.3,1.5,8.4,6.1,4.6,8.4,0.0,6.1,10.7,4.6,3.1,3.1,0.8,1.5,5.3,6.9,8.4,12.2,1.5,1.5,131,1lid,39
6.9,0.0,9.9,3.1,3.8,12.2,0.8,2.3,9.9,4.6,1.5,4.6,0.8,2.3,1.5,10.7,6.9,12.2,0.8,5.3,131,1mdc,39
4.4,2.2,3.6,12.4,3.6,5.8,0.0,5.1,9.5,7.3,2.2,5.1,2.9,2.2,5.1,5.1,9.5,10.2,2.2,1.5,137,1cbs,39
7.2,0.8,9.6,5.6,7.2,10.4,1.6,4.0,8.8,5.6,4.0,4.8,3.2,4.0,1.6,4.0,5.6,7.2,0.8,4.0,125,2phy,39
13.8,0.0,2.6,3.4,1.7,12.9,1.7,2.6,2.6,6.0,0.0,6.0,0.9,2.6,3.4,7.8,15.5,6.0,5.2,5.2,116,1srga,40
3.3,1.6,4.1,4.9,5.7,8.9,0.8,5.7,6.5,5.7,1.6,8.1,1.6,1.6,5.7,7.3,17.1,5.7,3.3,0.8,123,1avda,40
5.5,2.4,4.3,7.3,9.1,14.0,2.4,6.1,8.5,4.3,2.4,5.5,3.7,1.8,3.7,4.9,6.7,5.5,0.6,1.2,164,2cpl,41
7.8,0.0,7.2,2.4,6.0,8.4,2.4,4.8,7.2,4.8,2.4,7.2,6.6,6.0,3.0,4.8,6.0,10.2,0.0,2.4,166,1clh,41
5.5,1.0,6.8,3.7,3.9,8.7,1.8,6.3,7.3,5.2,1.6,8.1,2.6,2.1,3.9,8.9,8.9,7.9,1.6,3.9,381,2sil,42
3.4,4.6,7.0,3.9,3.1,9.5,2.1,7.0,3.6,4.1,1.3,6.4,3.9,3.1,6.7,10.8,6.2,7.2,3.1,3.1,388,1ivd,42
6.7,4.4,5.6,6.4,3.1,10.3,3.1,6.9,6.2,5.4,3.1,3.1,4.4,1.5,5.9,6.9,7.2,3.6,2.1,4.4,390,1nsca,42
6.2,1.0,6.5,1.8,4.4,12.1,1.6,4.7,3.6,4.7,2.3,5.2,7.0,3.1,3.6,10.6,8.8,6.5,2.3,4.1,387,1gof2,42
9.6,0.6,8.5,6.5,5.4,7.6,3.7,4.8,3.4,7.9,1.7,1.4,7.0,3.1,5.6,4.2,6.8,7.9,1.4,3.1,355,2bbkh,42
8.6,1.1,6.5,3.0,3.9,12.3,2.1,2.8,7.4,7.7,3.5,6.0,5.3,3.2,2.5,4.0,6.8,6.1,3.7,3.9,571,3aaha,42
6.7,4.0,4.9,6.7,4.9,8.0,3.1,7.1,8.0,7.1,1.8,1.3,6.7,1.3,4.0,6.2,7.1,9.8,0.4,0.4,224,2ohxa1,43
12.8,0.0,3.1,7.7,3.1,7.7,2.6,8.7,5.6,9.2,0.0,2.6,5.1,4.6,3.6,8.2,5.1,6.6,0.0,4.1,196,1qora1,43
4.3,4.9,5.5,3.7,5.5,12.9,1.2,3.7,4.9,8.0,0.0,4.3,3.1,3.7,7.4,8.6,6.1,6.7,3.7,1.8,163,1vmoa,44
2.9,0.5,5.7,5.2,4.3,6.7,2.4,4.3,4.3,6.2,1.0,7.6,5.7,4.3,4.3,9.0,8.6,8.1,1.9,7.1,210,1dlc2,44
6.5,0.6,7.3,2.8,3.4,9.6,2.3,6.5,8.2,5.6,0.3,6.8,2.5,2.0,2.3,11.3,9.3,7.3,1.1,4.5,355,1pcl,45
3.3,0.6,6.7,6.7,6.1,3.9,1.7,4.4,6.1,15.6,0.6,7.2,5.6,5.6,5.6,6.7,5.0,4.4,0.0,4.4,180,1caua,45
6.0,0.5,4.3,9.8,3.3,6.5,1.1,5.4,3.3,11.4,1.6,8.2,4.9,7.1,6.0,7.6,2.7,7.1,0.0,3.3,184,1caub,45
6.6,1.5,2.9,9.5,3.6,6.6,2.9,6.6,8.0,11.7,2.2,2.2,2.9,5.8,4.4,6.6,4.4,6.6,1.5,3.6,137,3gapb1,45
7.5,0.0,6.0,10.4,4.5,9.0,4.5,9.0,10.4,4.5,1.5,1.5,0.0,3.0,3.0,4.5,9.0,10.4,0.0,1.5,67,1wapb,45
8.1,0.5,9.4,1.8,6.5,7.3,2.3,4.7,4.7,6.0,2.6,9.9,3.1,2.6,3.1,7.0,8.4,4.7,1.8,5.2,383,1cgt3,46
7.6,2.0,9.9,2.5,3.7,7.9,2.0,5.4,3.4,6.8,2.0,5.9,4.5,4.5,2.0,6.2,7.4,5.9,2.5,7.6,353,6taa1,46
6.0,2.5,6.0,5.0,4.5,10.2,2.0,4.5,4.2,5.2,2.2,7.2,4.5,2.2,6.5,6.0,4.2,9.0,4.0,4.2,402,1ppi1,46
8.1,1.1,9.5,2.8,4.8,11.8,2.8,3.9,2.8,4.2,1.7,6.4,5.3,5.0,6.4,5.3,2.5,5.6,5.0,4.8,357,1amg1,46
8.4,0.9,9.0,3.8,4.6,11.6,3.8,5.8,5.5,6.6,1.7,3.8,4.9,3.2,4.6,3.5,4.9,5.8,4.3,3.5,346,1amy1,46
6.3,1.2,6.5,5.9,4.3,7.6,2.2,5.5,6.1,9.6,2.2,6.1,6.1,4.3,3.9,4.9,3.5,6.5,2.2,4.9,490,1byb,46
14.1,0.3,3.9,2.6,4.2,9.8,0.3,5.6,3.3,7.2,1.6,8.8,4.9,3.6,4.2,7.8,4.9,6.9,0.7,5.2,306,1ghsa,46
11.0,0.9,7.2,3.2,4.3,7.0,2.0,4.6,2.6,6.7,1.7,8.4,4.9,5.2,5.5,7.0,4.1,7.2,2.0,4.3,345,1xys,46
3.5,0.3,7.6,7.3,5.9,5.9,3.1,8.3,8.0,7.6,0.3,5.9,5.9,3.1,2.8,6.9,5.9,6.6,1.4,3.8,289,1nar,46
9.5,0.4,6.0,2.5,4.6,6.3,1.4,3.5,6.3,9.1,2.1,9.8,4.9,3.2,2.8,7.7,6.7,6.7,0.4,6.3,285,2ebn,46
7.1,0.6,7.1,3.9,5.8,10.4,1.9,4.5,8.7,9.4,1.9,4.9,5.2,4.9,2.3,5.2,4.9,5.8,1.9,3.6,309,1ctn2,46
6.6,1.4,5.7,10.0,3.7,6.3,3.2,4.6,8.0,8.9,2.6,4.0,5.2,2.3,4.3,4.3,5.2,8.3,1.1,4.3,349,1add,46
12.5,1.8,6.2,5.5,2.3,8.6,4.9,6.5,1.8,8.3,2.6,3.4,4.4,3.6,4.9,4.7,8.1,7.3,1.0,1.6,385,2kauc2,46
12.2,1.1,5.3,6.4,2.5,8.1,1.4,5.3,7.2,9.7,0.6,4.4,4.2,4.7,4.4,5.3,5.8,7.2,0.8,3.3,360,1fbaa,46
6.0,2.2,4.8,7.3,3.5,5.1,2.9,5.7,7.9,10.8,1.6,4.8,6.3,4.1,3.5,5.4,4.8,7.9,1.9,3.5,315,1ads,46
13.3,0.0,7.0,4.2,2.1,7.0,2.1,3.5,9.8,7.7,1.4,4.9,3.5,0.7,3.5,10.5,4.2,11.9,0.7,2.1,143,4enl1,46
11.0,0.4,5.3,6.6,2.6,8.8,2.6,7.0,4.0,9.7,2.6,1.8,5.3,6.2,4.4,5.3,4.4,7.5,2.2,2.2,227,2mnr2,46
9.8,0.8,7.0,6.6,2.5,6.6,1.6,4.9,2.9,11.5,2.5,2.9,4.1,3.7,7.0,9.4,4.9,8.2,0.8,2.5,244,1chra2,46
9.3,0.0,5.5,7.8,4.5,8.5,2.5,5.3,6.5,7.5,1.5,5.5,5.0,3.3,5.3,4.5,4.0,6.8,2.0,4.8,399,1oyb,46
12.9,0.3,4.9,5.7,4.0,7.1,1.1,7.4,4.6,8.6,3.4,2.6,3.7,3.1,6.9,5.7,6.0,8.0,1.4,2.6,350,1gox,46
8.8,1.5,7.6,6.5,3.5,8.8,2.6,5.6,5.9,5.6,1.8,2.4,5.6,4.4,5.6,5.6,4.1,6.8,2.1,5.3,340,2tmda1,46
12.3,1.2,6.7,5.2,4.0,4.0,2.8,7.5,4.4,9.9,1.6,3.6,3.6,6.3,6.0,6.3,3.2,7.1,0.4,4.0,252,1pii1,46
14.9,1.2,4.8,6.0,4.8,6.9,2.0,7.3,3.2,10.5,2.0,4.0,6.5,4.0,4.8,5.2,2.4,6.5,0.0,2.8,248,1wsya,46
11.5,1.9,4.8,5.8,2.9,4.8,4.8,8.7,3.8,5.8,4.8,3.8,3.8,2.9,5.8,6.7,10.6,4.8,0.0,1.9,104,1pkn1,46
9.1,2.5,5.6,6.6,4.4,10.6,4.4,5.0,4.7,9.4,2.2,3.8,3.8,2.8,6.9,3.1,4.1,6.9,1.9,2.5,320,3rub2,46
13.5,1.0,5.5,4.5,5.1,11.9,2.9,5.1,3.5,7.1,1.9,3.2,5.8,3.5,6.8,4.2,4.5,5.5,1.9,2.6,311,5rub2,46
11.0,1.6,5.3,6.9,3.3,11.0,3.3,6.9,9.0,6.9,0.8,2.9,2.4,3.7,2.9,4.9,4.5,9.0,2.0,1.6,245,1tph1,46
11.7,0.0,7.9,6.6,6.6,10.4,3.3,3.8,4.1,9.9,2.3,4.6,4.3,2.3,4.6,3.6,5.9,4.6,1.3,2.3,393,4xiaa,46
7.9,0.9,6.6,6.6,5.7,2.6,3.9,5.7,7.0,9.2,3.1,8.8,2.2,4.4,2.6,6.1,4.8,6.6,0.9,4.4,228,1nfp,46
5.8,1.3,6.4,6.4,2.6,8.3,5.8,5.1,3.8,8.3,3.8,4.5,5.8,1.3,7.1,5.1,7.1,6.4,1.9,3.2,156,2tmda2,47
8.1,0.3,5.1,4.1,4.1,12.4,0.5,4.3,5.9,6.8,2.7,5.4,4.1,3.2,4.3,6.8,7.3,9.5,1.4,3.8,370,3cox1,47
9.7,1.4,5.5,7.6,2.4,10.4,2.4,5.2,2.4,11.8,2.1,1.0,2.8,4.5,10.4,3.8,5.2,6.2,1.0,4.2,289,1pbe1,47
8.7,0.6,5.9,5.3,1.9,11.8,3.1,4.7,3.1,8.4,0.9,5.9,5.0,2.8,4.0,6.8,7.5,8.7,1.6,3.4,322,1gal1,47
10.5,1.1,5.3,6.3,2.6,11.1,3.7,6.8,3.2,8.9,2.6,5.3,4.2,3.7,3.7,3.7,9.5,3.7,0.5,3.7,190,1trb1,47
12.1,0.8,6.2,5.0,2.5,9.6,2.9,4.6,5.4,7.9,1.7,5.4,3.8,2.5,4.2,5.0,6.2,9.6,1.7,2.9,240,2tpra1,47
11.1,1.7,7.7,7.7,4.3,11.1,1.7,6.0,4.3,7.7,1.7,5.1,1.7,2.6,6.8,3.4,4.3,6.8,0.0,4.3,117,2tpra2,47
11.4,1.3,5.2,5.7,2.2,11.8,2.6,6.6,7.9,8.3,1.3,2.2,3.1,2.2,3.1,6.6,5.7,10.5,0.0,2.6,229,3lada1,47
10.9,0.0,6.7,6.7,3.4,10.9,0.0,5.0,9.2,10.1,0.8,1.7,3.4,5.9,1.7,2.5,5.0,15.1,0.8,0.0,119,3lada2,47
11.3,1.6,6.5,5.4,1.1,12.9,2.7,9.1,8.1,5.4,0.5,2.7,3.8,2.2,2.7,5.4,4.8,9.1,0.5,4.3,186,1fcda1,47
12.1,0.7,5.0,7.8,4.3,8.5,2.1,5.0,7.1,5.0,3.5,1.4,8.5,4.3,2.8,6.4,3.5,6.4,2.1,3.5,141,1fcda2,47
12.5,0.0,6.2,8.6,4.7,7.8,0.0,4.7,8.6,11.7,4.7,6.2,2.3,1.6,3.1,3.1,3.9,7.8,0.8,1.6,128,3chy,48
12.1,0.8,8.9,4.8,2.4,5.6,2.4,6.5,3.2,11.3,4.0,1.6,4.8,4.8,4.8,5.6,4.0,8.1,1.6,2.4,124,1ntr,48
10.8,1.8,3.6,7.8,2.4,15.6,2.4,10.2,8.4,3.6,1.8,1.2,5.4,2.4,1.8,3.6,7.2,7.8,0.0,2.4,167,1scua2,48
14.6,1.4,6.2,5.6,2.1,13.9,0.7,7.6,6.2,9.0,2.1,6.2,1.4,2.1,2.1,1.4,2.8,13.2,0.7,0.7,144,1scub2,48
8.1,1.2,13.3,6.9,5.8,9.2,0.6,4.6,6.4,6.9,1.7,2.9,5.8,1.7,1.7,4.6,6.4,7.5,1.7,2.9,173,2fcr,48
12.2,2.7,11.6,8.8,4.1,12.2,0.7,6.1,2.7,8.2,0.0,1.4,1.4,2.0,4.8,5.4,4.8,6.1,1.4,3.4,147,2fx2,48
4.3,2.2,6.5,13.8,3.6,10.1,0.0,10.9,7.2,5.8,3.6,5.8,2.2,1.4,1.4,5.8,3.6,7.2,2.2,2.2,138,4fxn,48
7.7,0.6,5.1,6.4,1.3,9.0,1.9,7.1,6.4,7.1,2.6,5.1,2.6,4.5,5.1,3.8,8.3,12.8,0.0,2.6,156,1bmta2,48
13.8,2.0,6.1,3.1,3.1,12.2,0.5,6.6,3.1,8.7,0.5,5.1,4.6,2.6,6.6,6.1,7.1,4.6,0.5,3.1,196,1cus,48
9.4,1.5,7.9,5.4,2.5,9.9,2.0,4.4,4.9,9.9,0.0,2.5,5.9,3.0,4.4,5.9,7.9,7.4,0.5,4.9,203,2nada2,48
14.0,2.3,10.1,6.2,1.6,5.4,3.1,11.6,7.8,7.0,3.1,3.1,3.9,1.6,4.7,3.9,4.7,3.1,0.8,2.3,129,1gdha1,48
6.9,0.6,5.6,9.4,5.6,6.2,0.6,5.0,10.6,8.8,6.9,3.8,3.1,3.1,3.1,3.8,4.4,4.4,3.1,5.0,160,1fnc2,49
7.5,1.4,7.5,7.5,3.4,6.8,2.1,6.2,4.1,7.5,4.1,3.4,6.2,4.1,6.8,3.4,3.4,8.2,2.1,4.1,146,2cnd2,49
6.7,1.7,8.3,5.8,7.5,7.5,5.0,3.3,5.0,7.5,3.3,0.0,5.8,2.5,6.7,6.7,6.7,5.0,2.5,2.5,120,2pia2,49
7.0,0.9,6.0,7.0,4.7,10.2,1.9,6.0,5.1,11.2,2.8,3.7,2.3,4.2,7.0,4.7,7.0,3.7,1.9,2.8,215,2ts11,50
4.8,2.4,6.9,7.9,4.2,5.7,3.6,7.3,5.1,8.2,2.1,5.4,4.2,3.0,7.3,5.1,5.7,4.5,1.5,4.8,331,1gtra1,50
8.7,3.3,4.0,4.0,4.7,13.3,0.0,5.3,8.0,6.0,3.3,3.3,3.3,3.3,2.0,8.0,5.3,11.3,0.7,2.0,150,2ohxa2,51
10.0,1.5,3.8,5.4,2.3,12.3,0.8,4.6,6.9,10.0,0.8,3.1,1.5,5.4,6.2,6.2,4.6,9.2,2.3,3.1,130,1qora2,51
11.9,0.0,4.3,7.1,1.6,14.2,0.8,4.7,3.2,7.1,3.2,3.2,2.8,2.0,5.5,5.9,7.9,10.7,1.2,2.8,253,1hdca,51
11.4,1.7,4.7,4.7,3.0,10.2,1.7,3.8,6.4,8.9,3.0,3.4,3.4,3.4,3.4,8.1,7.2,7.6,3.0,1.3,236,1dhr,51
7.7,0.9,7.1,4.1,2.7,8.9,3.8,5.3,4.1,8.0,2.7,5.6,6.2,3.8,4.7,5.6,4.4,8.6,1.5,4.1,338,1udpa,51
6.5,1.2,6.5,8.3,3.0,6.5,2.4,8.3,9.5,8.9,0.6,4.8,4.2,1.2,4.8,4.2,5.4,9.5,0.6,3.6,168,1hdgo1,51
9.6,2.1,5.9,5.9,1.6,6.4,6.4,3.7,3.2,9.6,3.7,3.7,6.4,0.5,7.4,3.7,5.3,8.5,2.7,3.7,188,2nada1,51
11.5,0.0,6.3,6.3,6.3,8.9,1.6,4.7,3.1,10.5,1.6,4.2,4.2,2.6,4.7,7.9,5.8,5.2,1.0,3.7,191,1gdha2,51
12.9,1.4,4.8,2.7,2.0,10.2,0.7,6.8,8.2,10.2,1.4,4.1,5.4,2.7,2.0,4.8,6.1,12.2,0.0,1.4,147,2cmd1,51
16.1,0.6,5.8,5.8,3.2,8.4,0.0,3.9,6.5,12.3,3.9,4.5,5.8,3.9,4.5,0.6,3.2,9.0,0.0,1.9,155,1bmda1,51
12.6,0.7,5.6,5.6,2.1,8.4,1.4,9.1,4.2,7.7,2.8,3.5,6.3,4.2,4.2,4.9,5.6,9.8,0.0,1.4,143,1llda1,51
8.5,2.3,8.5,4.5,3.4,12.5,1.7,8.0,7.4,9.1,2.8,4.5,3.4,2.3,4.5,4.0,2.3,8.0,1.1,1.1,176,2pgd1,51
9.1,1.7,4.1,4.1,3.3,12.4,1.7,10.7,6.6,6.6,2.5,1.7,5.0,2.5,1.7,4.1,11.6,9.1,0.0,1.7,121,1scua1,51
11.2,1.2,6.5,5.3,3.0,4.7,2.4,5.9,10.1,8.3,2.4,3.6,7.1,3.0,2.4,5.9,5.9,9.5,0.0,1.8,169,1pyda3,52
15.8,0.0,4.4,4.9,2.2,3.8,0.5,4.4,7.1,11.5,0.5,5.5,6.0,5.5,4.9,4.4,5.5,6.0,1.6,5.5,183,1poxa3,52
9.9,1.2,4.1,5.2,3.5,9.3,2.9,7.0,2.9,10.5,2.3,6.4,3.5,1.2,4.1,5.2,7.6,8.7,0.6,4.1,172,1pyda1,53
6.6,0.0,5.1,5.6,5.1,8.7,1.5,7.7,6.1,9.7,2.0,5.6,4.1,6.1,2.0,4.6,9.2,4.6,3.1,2.6,196,1pyda2,53
14.4,0.6,6.9,5.2,1.7,9.8,4.0,8.0,1.7,6.3,3.4,4.6,4.0,4.0,3.4,2.9,4.6,9.2,1.7,3.4,174,1poxa1,53
9.6,0.5,7.4,5.3,4.8,6.4,2.7,8.5,4.3,6.9,2.1,7.4,5.3,7.4,3.2,2.7,4.3,8.5,0.0,2.7,188,1poxa2,53
9.6,0.3,6.0,4.8,3.6,9.0,3.0,5.1,6.9,10.1,2.1,5.1,4.8,3.9,2.7,7.2,5.4,5.7,1.2,3.9,335,1trka1,53
10.2,0.0,3.6,5.1,2.5,8.6,3.0,5.6,3.6,9.1,1.0,5.6,7.1,3.0,4.6,10.2,5.6,5.1,2.0,4.6,197,1trka2,53
8.1,0.5,5.9,8.1,5.9,7.0,0.5,5.9,10.2,6.5,1.1,4.3,3.8,2.2,3.8,10.2,5.4,7.0,0.5,3.2,186,1gky,54
5.1,2.0,8.2,7.7,6.1,6.6,1.0,7.7,8.7,7.7,1.5,3.1,3.6,4.1,6.6,7.7,3.1,7.7,0.0,2.0,196,1ukz,54
5.9,0.0,5.5,6.4,3.2,7.3,2.3,5.5,6.4,11.8,1.8,3.6,5.9,4.5,7.3,4.1,7.7,6.4,1.4,3.2,220,2ak3b,54
6.6,1.8,8.4,7.8,3.0,6.6,1.8,6.6,4.8,6.6,2.4,2.4,1.8,6.6,6.6,4.8,6.6,9.0,0.0,5.4,166,5p21,54
5.1,2.6,6.7,6.2,7.2,4.6,3.6,9.2,8.2,7.2,3.1,5.1,1.0,3.1,4.1,5.6,6.7,7.2,0.5,3.1,195,1tadc2,54
9.0,0.5,8.0,9.0,1.9,6.6,4.2,6.6,5.7,7.1,3.3,4.2,5.7,1.9,4.2,1.4,6.6,9.9,0.9,3.3,212,1eft1,54
7.8,0.4,7.4,8.5,2.7,6.2,1.9,8.5,6.2,8.5,2.7,2.7,3.9,2.3,6.6,2.7,7.4,8.5,1.2,3.9,258,1efg1,54
13.2,0.9,3.2,5.5,2.3,8.2,1.8,4.1,3.7,11.4,1.8,2.7,5.9,4.6,3.7,5.0,9.1,7.3,2.3,3.2,219,1dts,54
9.5,2.5,6.0,9.5,2.1,9.9,0.7,7.8,5.7,7.4,4.9,4.6,2.8,2.5,4.6,3.5,3.9,8.8,0.0,3.2,283,1nipa,54
11.9,1.1,5.2,7.5,2.6,10.1,0.4,7.8,7.1,10.1,2.2,3.4,2.2,4.5,4.5,5.6,4.1,6.7,0.4,2.6,268,2reb1,54
5.2,1.9,7.5,4.7,8.0,1.9,3.3,5.2,5.6,9.4,2.8,5.6,4.2,4.7,4.2,7.0,5.2,7.5,1.4,4.7,213,3cla,55
13.6,0.8,4.5,4.5,3.7,6.2,2.1,6.2,6.6,13.2,2.1,2.5,6.6,3.7,4.5,5.3,4.1,7.4,0.8,1.6,243,1eaf,55
6.4,5.1,8.3,5.1,3.8,3.8,1.3,5.7,5.7,7.0,0.6,7.0,3.2,5.1,7.6,6.4,3.8,9.6,1.3,3.2,157,1pnt,56
4.7,2.2,5.4,8.3,5.0,4.7,2.9,5.8,7.6,9.4,3.2,3.6,4.3,4.3,6.1,7.6,4.7,5.4,1.8,3.2,278,2hnq,56
8.9,1.8,5.0,5.0,1.4,6.8,1.1,4.3,3.2,8.6,3.9,5.0,3.6,7.5,8.2,8.2,6.8,7.5,0.4,2.9,280,1yptb,56
11.1,1.9,10.2,4.6,3.7,8.3,0.9,8.3,9.3,12.0,0.9,3.7,4.6,2.8,0.9,2.8,5.6,4.6,1.9,1.9,108,2trxa,57
11.4,1.0,6.7,9.5,8.6,4.8,1.0,3.8,11.4,5.7,1.9,2.9,2.9,4.8,0.0,6.7,4.8,10.5,1.0,1.0,105,1mdka,57
12.5,0.0,9.4,6.2,3.1,10.9,0.0,6.2,6.2,6.2,1.6,3.1,1.6,4.7,3.1,4.7,6.2,9.4,3.1,1.6,64,1dsba2,57
8.2,2.4,9.4,7.1,4.7,7.1,1.2,5.9,7.1,4.7,1.2,2.4,3.5,9.4,4.7,2.4,4.7,8.2,1.2,4.7,85,1ego,57
3.4,2.3,8.0,5.7,8.0,9.2,2.3,6.9,10.3,8.0,3.4,3.4,5.7,4.6,3.4,2.3,4.6,4.6,0.0,3.4,87,1aba,57
4.9,2.2,4.9,7.1,7.1,7.7,1.1,3.3,3.8,11.5,1.6,6.0,7.7,2.2,7.7,4.9,5.5,7.7,1.1,2.2,183,1gp1a,57
4.8,0.0,7.1,4.8,2.4,6.0,3.6,6.0,6.0,13.1,3.6,4.8,6.0,2.4,8.3,6.0,3.6,1.2,2.4,8.3,84,2gsta1,57
3.9,2.6,5.2,5.2,5.2,5.2,1.3,2.6,3.9,13.0,3.9,1.3,9.1,6.5,7.8,5.2,6.5,3.9,2.6,5.2,77,1gsra1,57
10.7,2.7,5.3,6.7,5.3,5.3,4.0,2.7,4.0,9.3,8.0,2.7,5.3,1.3,6.7,4.0,5.3,5.3,1.3,4.0,75,1gsq1,57
5.7,0.4,6.9,6.1,4.2,8.0,1.9,8.8,7.3,9.6,2.3,6.9,2.3,2.7,5.0,8.4,3.4,6.1,0.8,3.1,261,1eria,58
3.7,0.4,5.7,6.6,4.1,6.1,2.0,10.7,9.8,5.7,0.0,8.2,3.7,2.5,4.5,6.1,6.1,4.1,1.6,8.2,244,1rvaa,58
4.0,1.5,4.0,11.5,4.5,4.5,1.0,8.5,10.5,9.0,2.5,7.0,4.5,2.0,2.5,6.0,6.0,4.5,1.5,4.5,200,1bam,58
4.5,0.0,7.1,5.8,2.6,7.1,5.2,10.4,8.4,10.4,1.3,5.8,5.2,3.9,2.6,2.6,3.2,4.5,2.6,6.5,154,1pvua,58
11.1,0.5,6.3,5.3,3.7,7.9,1.1,5.3,7.4,4.2,2.6,5.3,4.2,3.7,4.2,3.7,8.4,11.1,0.5,3.7,190,3hsc,59
8.9,0.7,6.2,7.5,3.4,8.2,3.4,5.5,4.8,6.8,4.1,4.1,6.2,3.4,4.1,4.1,6.2,7.5,1.4,3.4,146,1atna1,59
7.1,1.3,5.8,7.5,2.7,7.1,1.8,9.7,4.9,7.1,4.4,2.7,4.4,2.7,5.3,7.5,8.0,4.4,0.9,4.9,226,1atna2,59
6.2,0.8,7.0,7.4,2.1,6.2,2.5,9.5,4.1,6.6,2.5,2.9,3.3,4.9,6.6,6.2,7.8,7.4,3.3,2.9,243,1glcg1,59
12.6,1.2,3.7,8.1,3.7,9.8,1.2,4.5,4.1,8.1,3.3,5.3,2.4,3.3,6.1,2.4,6.5,7.3,2.0,4.5,246,1glcg2,59
12.9,1.3,8.4,3.2,3.2,3.9,2.6,7.1,2.6,6.5,1.9,6.5,3.2,5.2,10.3,4.5,4.5,5.2,1.3,5.8,155,1chma1,59
9.0,1.9,4.5,7.7,1.3,9.0,3.2,4.5,7.1,7.7,2.6,4.5,3.2,5.2,6.5,2.6,6.5,5.8,3.9,3.2,155,2rn2,59
8.0,0.0,4.0,8.8,0.8,8.0,0.0,7.2,8.8,9.6,0.0,5.6,3.2,8.8,1.6,4.0,6.4,9.6,0.8,4.8,125,1hrha,59
11.4,0.0,8.3,8.8,3.1,5.2,2.1,6.7,6.7,13.5,1.6,4.1,3.1,3.1,3.6,4.1,4.7,4.1,1.6,4.1,193,1dpi1,59
13.3,1.3,4.4,3.2,2.5,7.6,1.9,8.2,4.4,8.2,1.9,2.5,3.8,8.9,5.1,5.1,4.4,10.1,0.0,3.2,158,1hjra,59
3.5,1.8,5.0,7.3,4.4,5.6,2.9,3.8,5.6,13.2,2.9,3.8,7.0,4.7,5.0,7.0,5.8,3.8,2.0,5.0,342,1rpa,60
7.4,2.2,5.2,6.9,2.2,8.2,2.6,8.2,4.8,6.5,2.2,2.2,3.9,3.0,6.1,9.1,6.1,9.5,0.0,3.9,231,1gph1,60
4.2,1.9,9.8,4.2,4.2,7.5,2.3,7.0,7.5,9.8,2.8,3.7,4.2,1.4,5.1,5.1,4.7,9.3,0.0,5.1,214,1hmpa,60
11.5,1.0,5.3,7.7,5.8,9.1,1.9,7.2,5.3,10.6,1.9,1.9,2.9,3.4,6.2,4.3,4.3,5.8,0.0,3.8,208,1sto,60
11.6,1.3,5.1,6.8,5.1,7.6,1.5,4.3,4.5,9.6,2.0,5.8,3.8,4.0,5.6,5.3,5.6,6.6,1.3,2.8,396,1ars,61
9.4,1.4,5.9,7.7,4.7,8.2,2.6,6.6,6.1,7.3,4.7,3.8,2.6,3.5,5.2,4.0,3.8,7.3,0.2,5.2,426,1tpla,61
11.6,1.2,6.3,5.6,3.5,10.9,1.9,5.8,2.6,12.1,3.0,2.1,4.4,1.9,7.7,5.1,5.1,6.3,0.5,2.8,431,2dkb,61
4.4,1.3,4.5,6.2,6.4,8.3,2.3,4.0,4.7,9.3,2.8,6.6,6.1,2.8,4.5,8.0,4.2,7.6,2.7,3.2,528,1ack,62
9.7,1.3,8.4,5.8,7.4,5.8,1.6,4.5,3.9,9.0,3.5,3.2,7.4,4.2,4.8,4.2,5.2,4.5,1.9,3.5,310,1ede,62
7.1,1.4,6.8,7.5,5.1,5.4,4.4,5.1,4.1,11.6,1.7,5.8,2.7,2.4,4.1,5.8,7.1,7.8,1.4,2.7,294,1thta,62
11.4,1.9,4.4,1.3,3.2,8.2,0.3,3.5,2.8,9.8,1.3,4.4,9.5,5.7,2.5,9.8,8.5,7.3,1.6,2.8,317,1tca,62
6.4,2.6,5.7,4.9,3.8,6.8,2.3,6.0,2.6,8.3,0.4,4.2,4.9,3.0,3.8,9.1,9.8,8.3,1.5,5.7,265,3tgl,62
7.8,2.2,7.1,4.5,5.6,10.4,2.2,5.9,2.6,7.4,0.0,7.1,4.5,2.2,5.2,6.3,7.1,6.7,1.5,3.7,269,1tib,62
8.8,0.9,6.4,3.4,5.8,10.5,0.9,5.4,3.7,9.0,2.6,6.0,5.8,3.0,2.6,8.4,6.7,5.2,0.9,3.7,534,1crl,62
11.3,0.6,5.3,1.6,2.5,10.7,2.8,3.1,1.9,9.7,0.3,4.7,3.1,5.3,3.5,8.2,11.0,10.1,0.9,3.1,318,1taha,62
6.5,3.6,6.2,4.5,6.5,10.4,2.7,5.6,4.5,5.0,0.9,6.8,5.9,2.7,4.2,7.1,5.0,6.8,1.5,3.6,337,1lpbb1,62
9.8,1.6,7.4,4.7,5.1,9.0,3.5,3.9,2.7,7.8,1.2,4.7,5.5,2.0,4.7,7.0,3.9,6.6,2.0,7.0,256,1whta,62
8.5,1.3,5.2,2.6,2.0,7.8,3.3,3.3,1.3,8.5,2.6,2.6,6.5,4.6,6.5,5.9,9.2,7.2,3.9,7.2,153,1whtb,62
6.5,0.7,5.2,4.6,5.2,7.5,2.6,6.8,4.9,7.8,1.0,4.2,3.3,3.9,3.6,10.4,8.5,4.9,2.3,6.2,307,2ctc,63
11.0,0.7,6.2,4.5,3.4,6.9,2.4,4.8,3.1,5.8,2.4,4.8,4.1,6.2,1.7,11.0,9.3,5.5,1.7,4.5,291,1amp,63
2.7,0.5,4.8,8.6,4.8,7.0,1.6,4.8,9.1,10.2,3.2,5.4,6.5,3.8,4.3,6.5,3.8,7.5,1.6,3.2,186,1drf,64
8.2,1.3,8.8,6.9,3.8,6.3,3.1,7.5,4.4,6.9,3.1,3.1,6.3,2.5,5.7,5.7,3.8,6.9,3.1,2.5,159,4dfra,64
9.3,0.0,8.0,4.3,4.9,6.2,4.3,3.1,5.6,8.6,1.2,3.1,4.3,5.6,4.9,2.5,8.6,9.9,2.5,3.1,162,3dfr,64
9.2,1.4,6.0,8.5,2.4,9.7,1.2,8.9,7.5,7.5,2.9,3.6,4.8,2.7,4.1,2.9,4.3,7.2,1.4,3.6,414,7icd,65
12.5,0.0,4.3,9.6,4.1,10.4,1.7,3.2,4.6,11.0,1.7,1.4,7.2,0.6,6.7,4.6,3.8,10.1,0.9,1.4,345,1hex,65
10.0,0.7,5.3,4.0,4.0,6.0,3.3,5.3,4.7,11.3,1.3,5.3,4.0,5.3,4.0,9.3,8.7,6.0,0.0,1.3,150,8atca1,66
11.9,0.0,8.1,5.0,3.8,3.8,3.8,4.4,5.0,13.1,3.8,4.4,3.8,3.8,5.6,3.8,3.1,8.1,1.2,3.8,160,8atca2,66
5.1,1.0,4.7,9.5,3.7,6.1,2.7,5.4,5.4,9.2,3.4,4.7,2.0,4.7,5.8,8.1,7.5,8.1,0.3,2.4,295,2at2a,66
5.6,1.9,6.2,8.1,4.1,9.4,2.4,7.7,7.5,6.0,3.2,3.2,4.1,2.1,5.4,6.0,3.9,6.9,1.9,4.5,467,1mina,67
5.6,1.5,6.9,6.3,5.7,7.5,3.1,4.4,7.5,8.6,3.8,4.0,5.0,3.6,4.0,4.8,6.1,6.5,1.7,3.3,522,1minb,67
6.1,0.0,6.7,6.4,6.1,3.4,1.5,10.4,10.4,7.3,3.4,7.6,2.7,3.0,3.7,6.4,4.0,6.4,0.9,3.7,328,1bgu,68
7.5,1.1,5.8,7.8,4.6,5.7,2.7,6.1,5.6,9.2,2.6,5.6,4.1,3.4,7.3,3.2,4.4,7.4,1.5,4.4,822,1gpb,68
13.7,0.0,7.7,4.1,2.6,8.9,1.1,4.8,8.9,9.2,1.5,5.9,3.3,6.3,2.2,3.3,4.8,10.7,0.0,1.1,271,2dri,69
10.2,0.3,6.9,6.6,3.9,9.5,1.0,5.2,9.8,7.2,3.0,3.3,4.9,3.6,2.6,4.6,5.2,8.5,1.6,2.0,305,8abp,69
12.9,0.0,9.4,4.5,1.9,7.1,1.0,4.9,10.0,7.4,2.3,6.8,3.2,4.9,1.9,4.5,4.2,8.7,1.6,2.6,309,1gca,69
12.8,0.6,7.6,4.9,2.9,9.9,1.2,5.8,8.4,6.7,1.5,4.1,4.4,5.8,2.0,4.1,5.2,7.6,0.9,3.8,344,2liv,69
9.6,1.4,6.7,6.2,1.4,7.7,1.4,5.8,3.4,14.4,1.4,2.9,5.3,2.9,9.1,6.2,2.9,9.1,0.5,1.4,208,1pda1,69
10.4,0.0,8.4,6.1,3.9,6.8,1.9,5.8,9.1,6.8,0.0,5.8,3.9,3.2,3.2,5.5,5.2,7.8,2.3,3.9,309,1sbp,69
7.7,0.4,7.5,5.6,3.1,4.3,2.1,4.4,8.3,8.5,0.6,7.0,6.0,3.5,3.3,5.4,5.8,8.5,2.5,5.4,517,1olba,69
11.9,0.0,6.5,7.3,4.1,7.8,0.8,6.2,10.0,8.1,1.6,5.7,5.7,2.4,1.6,3.2,5.4,5.4,2.2,4.1,370,1omp,69
10.1,0.8,7.6,7.1,5.0,8.8,0.4,6.3,9.7,7.6,1.3,3.4,3.8,5.0,3.8,4.6,5.5,5.5,0.4,3.4,238,1hsla,69
10.9,0.0,6.5,4.7,3.7,10.6,0.3,5.3,9.7,7.5,0.0,5.3,4.7,4.4,1.2,5.9,6.2,6.9,2.5,3.7,321,1pbp,69
9.5,3.7,6.7,5.8,3.7,7.3,2.1,4.6,8.2,7.6,0.9,3.7,4.0,4.0,3.7,7.6,5.5,6.4,1.5,3.7,328,1nnt,69
10.7,2.2,5.4,7.1,3.6,8.0,0.4,5.8,6.7,9.4,0.9,8.9,4.0,3.1,4.9,5.8,3.1,7.1,0.0,2.7,224,1pxtb1,70
11.3,2.4,4.0,4.8,3.2,12.1,1.6,11.3,4.8,9.7,2.4,3.2,5.6,4.8,3.2,0.8,4.0,8.1,0.0,2.4,124,1pxtb2,70
6.7,3.8,5.8,5.8,3.8,11.5,2.9,1.9,1.9,2.9,0.0,8.7,3.8,1.9,1.0,14.4,5.8,7.7,1.0,8.7,104,9rnt,71
6.2,3.1,7.3,5.2,3.1,8.3,2.1,5.2,0.0,6.2,0.0,2.1,6.2,5.2,5.2,7.3,12.5,6.2,0.0,8.3,96,1gmpa,71
6.5,0.0,8.4,2.8,3.7,9.3,1.9,6.5,7.5,6.5,0.0,5.6,2.8,2.8,5.6,8.4,8.4,3.7,2.8,6.5,107,1bsaa,71
10.7,0.0,8.9,8.9,3.6,7.1,0.0,1.8,10.7,5.4,1.8,5.4,0.0,1.8,0.0,0.0,19.6,7.1,1.8,5.4,56,1pga,72
11.5,0.0,6.4,15.4,5.1,6.4,0.0,3.8,10.3,3.8,0.0,6.4,2.6,1.3,0.0,3.8,14.1,3.8,0.0,5.1,78,2ptl,72
2.6,0.0,6.6,7.9,2.6,7.9,1.3,9.2,9.2,11.8,1.3,2.6,3.9,7.9,5.3,3.9,9.2,5.3,0.0,1.3,76,1ubi,72
8.2,5.2,6.2,7.2,3.1,6.2,1.0,3.1,3.1,7.2,2.1,5.2,3.1,1.0,9.3,12.4,8.2,8.2,0.0,0.0,97,2pia3,72
4.1,5.1,8.2,10.2,3.1,7.1,2.0,8.2,5.1,7.1,1.0,3.1,3.1,6.1,2.0,8.2,7.1,6.1,0.0,3.1,98,1frd,72
8.5,5.7,8.5,5.7,0.9,7.5,1.9,5.7,2.8,5.7,2.8,3.8,3.8,3.8,4.7,6.6,4.7,13.2,0.9,2.8,106,1put,72
2.0,0.0,6.9,6.9,3.0,5.0,3.0,9.9,12.9,8.9,1.0,4.0,6.9,4.0,2.0,6.9,7.9,2.0,2.0,5.0,101,1tssa2,72
9.7,6.5,4.0,4.0,2.4,2.4,3.2,2.4,8.1,1.6,3.2,8.1,3.2,5.6,3.2,12.1,8.1,7.3,0.0,4.8,124,7rsa,73
2.9,7.7,5.8,2.9,5.8,2.9,2.9,5.8,11.5,4.8,1.0,7.7,3.8,1.9,2.9,7.7,9.6,7.7,1.0,2.9,104,1onc,73
4.1,4.9,4.9,3.3,4.1,6.5,4.9,5.7,5.7,4.9,0.8,7.3,6.5,4.9,10.6,7.3,5.7,4.1,0.8,3.3,123,1ang,73
9.2,0.0,6.9,3.1,4.6,9.2,1.5,6.9,6.9,5.4,3.1,6.9,5.4,4.6,3.1,3.1,9.2,3.1,3.1,4.6,130,3cox2,74
7.8,1.0,2.9,9.8,4.9,3.9,2.0,2.0,4.9,11.8,0.0,1.0,8.8,2.0,7.8,7.8,4.9,9.8,2.9,3.9,102,1pbe2,74
9.2,1.5,6.2,3.1,1.5,9.2,1.5,6.2,3.1,4.6,10.8,1.5,4.6,3.1,3.1,9.2,4.6,12.3,0.0,4.6,65,1gal2,74
1.6,0.0,3.2,4.8,6.3,6.3,4.8,0.0,3.2,6.3,0.0,7.9,9.5,3.2,6.3,3.2,6.3,17.5,0.0,9.5,63,1csei,75
4.4,2.9,1.5,4.4,1.5,10.3,1.5,7.4,7.4,4.4,0.0,5.9,8.8,1.5,8.8,8.8,2.9,14.7,2.9,0.0,68,1tin,75
4.5,0.0,6.8,6.8,4.5,6.8,0.0,4.5,9.1,9.1,0.0,2.3,9.1,2.3,11.4,4.5,2.3,4.5,0.0,11.4,44,3mona,76
8.2,0.0,4.1,6.1,7.1,3.1,5.1,2.0,9.2,6.1,2.0,5.1,5.1,7.1,2.0,7.1,7.1,9.2,0.0,4.1,98,1stfi,76
6.5,3.7,4.6,7.4,2.8,4.6,0.9,5.6,6.5,7.4,1.9,3.7,4.6,6.5,5.6,9.3,4.6,8.3,0.9,4.6,108,1cewi,76
2.9,5.9,2.9,10.3,4.4,2.9,2.9,7.4,11.8,8.8,0.0,4.4,5.9,2.9,7.4,5.9,2.9,7.4,1.5,1.5,68,3il8,77
7.2,5.8,5.8,5.8,4.3,1.4,0.0,0.0,4.3,5.8,1.4,2.9,8.7,5.8,4.3,11.6,5.8,10.1,1.4,7.2,69,1huma,77
6.9,1.7,6.4,8.7,3.5,6.4,1.2,8.7,6.4,10.4,1.7,2.3,6.4,3.5,5.8,3.5,7.5,5.8,1.7,1.7,173,2glt2,78
10.7,1.2,4.9,8.2,3.3,9.4,1.6,4.9,6.1,10.2,2.0,2.9,4.9,5.7,5.7,2.5,4.5,7.8,0.8,2.5,244,1scub1,48
7.4,0.0,11.1,3.7,0.0,11.1,0.0,7.4,7.4,6.2,2.5,6.2,2.5,2.5,4.9,6.2,6.2,7.4,1.2,6.2,81,1pyaa,79
9.2,0.9,7.0,8.3,3.5,8.3,0.9,6.1,6.1,6.1,3.9,3.1,7.0,3.1,3.1,7.0,4.8,4.8,2.2,4.4,228,1pyab,79
7.5,1.9,6.9,11.2,8.8,5.6,1.9,3.1,3.8,6.9,1.9,5.0,1.9,4.4,8.8,4.4,4.4,5.6,1.9,4.4,160,1dlha1,20
7.7,1.6,6.0,9.8,2.2,9.3,1.6,2.2,3.8,8.7,1.6,3.3,3.3,4.4,9.3,4.4,6.0,4.9,2.7,7.1,183,1vaaa1,80
9.1,0.0,2.6,9.1,2.6,10.4,1.3,6.5,10.4,6.5,0.0,6.5,3.9,1.3,7.8,1.3,3.9,16.9,0.0,0.0,77,1pkp1,81
12.6,1.1,3.4,12.6,0.0,11.5,2.3,8.0,0.0,10.3,2.3,4.6,3.4,4.6,9.2,3.4,3.4,4.6,1.1,1.1,87,1pda2,81
10.3,0.0,2.9,5.9,2.9,14.7,2.9,13.2,5.9,8.8,1.5,2.9,5.9,1.5,2.9,7.4,4.4,5.9,0.0,0.0,68,1pkp2,82
6.5,0.0,4.1,8.1,4.1,13.0,1.6,8.9,8.9,2.4,2.4,0.8,7.3,4.9,3.3,4.9,3.3,11.4,0.0,4.1,123,1efg3,82
4.7,0.9,5.6,6.5,4.7,12.1,2.8,4.7,7.5,6.5,2.8,0.9,6.5,4.7,5.6,4.7,6.5,8.4,0.9,2.8,107,1fkf,83
11.1,0.0,13.3,2.2,2.2,11.1,0.0,4.4,6.7,11.1,2.2,8.9,0.0,4.4,2.2,11.1,0.0,4.4,2.2,2.2,45,1ctn3,83
4.2,0.0,9.7,11.1,4.2,6.9,0.0,9.7,4.2,5.6,1.4,6.9,2.8,2.8,4.2,4.2,4.2,15.3,0.0,2.8,72,1grj2,83
8.0,3.2,4.0,6.4,3.2,7.2,4.0,6.4,7.2,4.0,4.8,2.4,4.8,1.6,2.4,8.8,5.6,10.4,0.0,5.6,125,2tpra3,84
21.0,0.0,4.0,6.5,4.0,9.7,4.8,6.5,3.2,6.5,3.2,1.6,4.0,2.4,1.6,4.0,4.0,11.3,0.0,1.6,124,3lada3,84
10.8,1.4,6.8,4.1,1.4,8.1,1.4,6.8,0.0,4.1,0.0,5.4,9.5,1.4,2.7,9.5,5.4,9.5,2.7,9.5,74,1fcda3,84
16.9,0.8,3.8,3.1,1.5,7.7,2.3,3.8,3.8,15.4,3.8,2.3,5.4,0.8,3.8,3.1,6.9,10.8,0.8,3.1,130,2mnr1,85
12.2,0.3,7.1,6.5,4.4,9.2,2.7,5.8,7.5,9.9,1.0,4.1,3.7,2.7,3.1,5.8,4.8,5.8,1.4,2.0,294,4enl2,85
13.4,0.8,3.1,6.3,0.8,10.2,1.6,7.9,3.9,8.7,3.1,1.6,3.9,3.1,3.9,6.3,5.5,12.6,0.8,2.4,127,1chra1,85
6.5,1.3,7.8,3.3,5.9,11.8,3.3,2.0,4.6,5.9,3.3,5.9,4.6,2.0,2.6,6.5,7.8,7.2,1.3,6.5,153,1ezm1,86
9.0,0.0,9.0,1.3,3.2,11.6,3.2,3.9,1.9,5.2,0.6,7.1,1.9,3.2,3.2,6.5,9.7,7.1,1.3,11.0,155,8tlne1,86
5.0,2.0,6.5,5.5,3.0,8.5,3.5,8.0,1.5,6.0,3.0,5.0,2.5,5.5,3.0,8.5,7.0,6.0,1.5,8.5,200,1iae,86
3.5,2.0,5.0,4.5,3.5,6.0,3.0,9.0,5.0,10.0,3.0,7.5,3.5,3.5,7.0,9.0,4.0,6.0,1.5,4.0,201,1iag,86
8.6,0.0,7.0,4.1,4.9,10.7,3.7,3.7,3.3,6.2,0.4,7.0,3.3,7.8,2.5,6.2,8.2,3.7,2.1,6.6,243,1srp1,86
7.6,0.0,9.6,5.1,5.1,9.6,5.7,5.7,1.3,7.0,1.3,4.5,5.7,4.5,5.7,6.4,5.7,3.8,1.9,3.8,157,1hfc,86
16.4,14.5,9.1,5.5,0.0,9.1,0.0,9.1,0.0,0.0,0.0,1.8,7.3,3.6,1.8,5.5,1.8,10.9,0.0,3.6,55,1fca,87
12.5,7.8,9.4,18.8,3.1,3.1,1.6,6.2,4.7,0.0,3.1,0.0,4.7,4.7,1.6,3.1,1.6,9.4,1.6,3.1,64,1fxra,87
5.0,0.0,6.0,9.0,3.0,6.0,2.0,9.0,7.0,12.0,2.0,6.0,5.0,3.0,5.0,5.0,7.0,6.0,0.0,2.0,100,2atcb1,87
3.7,0.0,8.6,14.8,6.2,2.5,6.2,6.2,4.9,7.4,0.0,6.2,2.5,4.9,3.7,6.2,3.7,9.9,1.2,1.2,81,1pba,87
10.5,0.0,4.2,8.4,5.6,7.0,2.8,9.8,7.0,7.0,2.1,3.5,4.2,4.2,4.9,5.6,4.2,6.3,0.0,2.8,143,1nhkl,87
6.2,0.0,5.2,7.2,2.1,9.3,1.0,7.2,6.2,8.2,1.0,6.2,5.2,4.1,8.2,6.2,6.2,6.2,0.0,4.1,97,1sxl,87
5.9,1.2,4.7,3.5,7.1,3.5,1.2,9.4,10.6,8.2,3.5,5.9,3.5,4.7,5.9,8.2,4.7,3.5,0.0,4.7,85,1nrca,87
7.1,3.5,3.5,2.4,8.2,7.1,3.5,4.7,4.7,5.9,1.2,5.9,4.7,7.1,7.1,7.1,8.2,4.7,1.2,2.4,85,2bopa,87
9.8,0.8,5.7,7.4,4.9,6.6,0.0,4.1,4.1,8.2,0.8,1.6,6.6,2.5,6.6,4.1,9.0,9.0,0.8,7.4,122,3rub1,87
14.4,0.8,7.2,7.2,4.0,8.0,2.4,4.0,4.8,8.0,4.0,3.2,2.4,1.6,4.0,4.0,5.6,7.2,0.0,7.2,125,5rub1,87
3.1,1.0,3.1,7.1,4.1,8.2,0.0,3.1,9.2,3.1,2.0,5.1,3.1,3.1,7.1,13.3,6.1,12.2,2.0,4.1,98,1aps,87
6.2,0.0,5.2,11.3,2.1,3.1,0.0,5.2,4.1,11.3,3.1,6.2,5.2,6.2,12.4,2.1,0.0,10.3,1.0,5.2,97,1ris,87
5.6,0.0,4.5,9.0,5.6,9.0,1.1,6.7,3.4,6.7,5.6,2.2,5.6,6.7,7.9,2.2,4.5,10.1,0.0,3.4,89,1efg4,87
8.1,1.2,6.1,8.9,3.3,8.9,4.5,7.3,3.3,8.9,3.7,4.1,4.1,2.0,5.3,3.3,5.3,6.9,1.2,3.7,246,1chma2,88
5.3,2.7,6.5,8.4,2.3,8.4,3.4,9.9,6.8,6.1,3.0,3.0,4.2,1.9,4.9,4.6,6.1,9.1,0.4,3.0,263,1mat,88
9.1,0.6,3.0,9.1,4.2,12.7,0.6,4.2,5.5,10.9,1.2,3.0,3.0,6.7,3.6,6.1,5.5,9.7,0.0,1.2,165,2cmd2,89
13.4,0.0,5.2,8.7,2.9,8.1,2.3,6.4,4.1,6.4,3.5,2.3,4.1,3.5,7.0,4.7,5.2,7.6,2.3,2.3,172,1bmda2,89
9.5,0.6,6.5,5.9,2.4,7.7,3.6,7.7,5.3,8.3,2.4,6.5,4.7,3.0,3.6,6.5,5.9,7.1,1.2,1.8,169,1llda2,89
11.3,0.0,3.6,4.0,3.6,4.5,0.4,7.7,4.0,10.1,1.6,7.7,3.2,4.0,5.3,10.5,6.5,6.1,0.4,5.3,247,1mrj,90
6.1,1.5,4.2,4.2,3.1,5.7,1.1,7.3,8.4,9.2,2.3,9.6,4.2,3.1,3.4,6.1,8.4,6.1,0.8,5.0,261,1apa,90
6.5,0.5,5.9,4.9,2.7,9.7,4.3,5.4,0.5,6.5,1.6,5.4,6.5,3.8,9.7,6.5,3.2,4.9,1.6,9.7,185,1ltsa,91
7.5,0.5,7.0,8.0,3.7,10.2,0.5,3.2,8.6,6.4,2.1,4.8,3.2,3.7,2.1,9.1,4.8,8.0,1.1,5.3,187,1ddt1,91
10.8,0.9,2.7,7.7,3.2,7.2,2.3,3.6,0.0,3.6,1.8,5.9,3.2,3.2,9.5,9.5,7.7,8.6,0.5,8.6,222,1prta,91
0.0,2.4,7.3,9.8,2.4,2.4,0.0,9.8,4.9,4.9,0.0,7.3,0.0,9.8,7.3,9.8,7.3,4.9,0.0,9.8,41,1ltsc,91
8.7,2.7,4.0,9.4,4.7,6.7,2.7,4.7,9.4,6.7,2.7,6.7,2.7,2.0,2.7,6.7,7.4,6.7,1.3,1.3,149,1rtm1,92
5.9,3.4,4.2,10.2,0.0,3.4,0.8,5.9,8.5,5.1,1.7,7.6,3.4,4.2,4.2,6.8,5.1,5.9,5.1,8.5,118,1esl1,92
9.3,2.3,2.3,3.5,3.5,16.3,0.0,9.3,2.3,8.1,0.0,2.3,7.0,5.8,5.8,1.2,9.3,2.3,1.2,8.1,86,1prtc1,92
5.0,0.0,5.0,6.9,4.0,9.9,4.0,4.0,5.9,10.9,2.0,6.9,4.0,3.0,5.9,4.0,5.9,5.9,1.0,5.9,101,1ayaa,93
5.5,0.0,2.8,6.4,1.8,9.2,7.3,4.6,2.8,9.2,0.0,4.6,3.7,0.9,8.3,15.6,4.6,5.5,0.9,6.4,109,1ab2,93
5.7,1.0,2.9,9.5,2.9,5.7,4.8,4.8,6.7,7.6,3.8,4.8,4.8,3.8,8.6,9.5,1.9,4.8,1.0,5.7,105,2plea,93
13.8,0.0,6.9,8.0,1.1,9.2,1.1,5.7,8.0,8.0,3.4,5.7,1.1,2.3,1.1,6.9,8.0,6.9,0.0,2.3,87,1spha,94
10.6,0.0,1.2,10.6,4.7,7.1,2.4,3.5,8.2,9.4,2.4,2.4,2.4,7.1,1.2,7.1,11.8,8.2,0.0,0.0,85,1poh,94
7.4,0.8,4.9,7.4,4.1,9.0,1.6,2.5,2.5,15.6,3.3,1.6,8.2,4.1,7.4,4.9,6.6,7.4,0.8,0.0,122,2pola1,95
4.9,0.8,5.7,6.6,4.9,8.2,3.3,5.7,2.5,9.0,4.9,3.3,4.9,4.9,7.4,6.6,5.7,8.2,0.0,2.5,122,2pola2,95
10.7,1.6,4.9,9.8,2.5,3.3,0.8,4.1,4.9,10.7,4.1,6.6,3.3,4.1,5.7,7.4,2.5,9.8,0.0,3.3,122,2pola3,95
6.3,3.2,11.9,7.1,5.6,4.0,0.8,8.7,6.3,13.5,2.4,3.2,1.6,3.2,4.0,5.6,5.6,5.6,0.0,1.6,126,1plq1,95
10.3,0.6,3.9,9.3,3.5,7.7,2.3,2.6,2.6,12.9,2.6,2.6,6.1,3.2,9.0,4.5,3.5,6.1,1.6,5.1,311,1srya2,96
6.5,0.8,6.2,9.9,7.1,6.5,2.8,4.5,6.2,10.2,2.5,2.5,5.9,2.5,6.8,4.5,4.2,5.4,0.0,4.5,353,1asza2,96
4.8,0.8,3.2,7.1,3.2,11.1,2.4,4.8,7.9,5.6,3.2,3.2,2.4,6.3,3.2,7.9,7.1,7.1,1.6,7.1,126,1vil,97
10.6,2.1,6.4,8.5,4.3,7.4,1.1,4.3,9.6,10.6,0.0,4.3,5.3,2.1,3.2,8.5,3.2,5.3,1.1,2.1,94,1svr,97
16.0,0.0,4.8,2.4,3.2,12.0,0.8,7.2,5.6,4.8,0.0,5.6,1.6,3.2,3.2,5.6,9.6,8.8,1.6,4.0,125,2acg,98
7.9,2.2,5.8,2.9,3.6,11.5,1.4,5.0,6.5,7.9,4.3,4.3,2.9,2.9,3.6,6.5,8.6,7.9,1.4,2.9,139,2btfp,98
5.9,0.6,5.6,7.6,7.3,5.9,2.3,6.2,9.7,9.4,1.8,4.4,3.8,4.4,4.4,4.7,4.4,5.9,1.8,4.1,341,1apme,99
5.6,1.3,5.6,8.6,5.0,6.9,2.3,3.3,5.3,9.2,5.0,4.0,5.3,3.0,5.9,6.3,4.6,8.6,1.7,2.6,303,1irk,99
6.6,3.3,2.8,4.7,1.9,13.2,0.9,5.7,4.7,5.2,0.0,6.1,4.7,4.7,5.7,6.1,3.8,8.5,2.4,9.0,212,1ppn,100
3.9,4.9,4.9,6.8,2.4,13.7,3.4,4.4,4.4,4.4,2.0,4.9,5.9,1.5,2.9,8.8,4.4,7.3,2.9,6.3,205,1hucb,100
10.2,0.0,9.4,7.4,2.7,5.5,0.4,5.5,8.2,10.5,1.2,4.7,4.3,2.7,5.9,4.3,7.8,5.9,1.2,2.3,256,4blma,101
12.3,0.0,3.6,4.5,1.9,8.4,1.4,4.2,5.3,8.1,3.3,4.2,7.5,5.0,3.1,5.0,6.1,8.6,3.1,4.5,359,2blta,101
9.5,0.6,6.6,2.3,3.5,8.6,2.3,2.6,2.3,9.5,2.3,4.6,3.5,5.2,4.3,8.4,10.7,8.6,0.6,4.0,347,3pte,101
14.4,2.9,5.8,1.6,5.3,12.3,2.1,4.5,2.9,3.7,0.8,3.3,5.8,4.5,5.8,6.6,5.3,4.9,2.5,4.9,243,2baa,102
9.3,6.2,5.4,1.6,1.6,8.5,1.6,4.7,5.4,6.2,1.6,10.1,1.6,2.3,7.8,7.8,5.4,5.4,4.7,3.1,129,2ihl,102
9.9,0.0,6.2,4.9,3.1,6.8,0.6,6.8,8.0,8.6,3.1,6.8,1.9,3.1,8.0,3.7,7.4,5.6,1.9,3.7,162,1l92,102
8.1,2.2,6.5,3.2,1.6,11.4,2.7,7.0,9.7,3.8,1.6,4.3,2.7,4.3,5.9,4.9,7.6,5.9,1.6,4.9,185,1gbs,102
9.1,1.9,5.0,5.6,2.8,8.1,1.2,7.5,7.8,8.8,2.8,4.7,4.7,1.9,4.1,5.3,5.3,8.8,0.0,4.7,320,1frpa,103
8.5,2.6,4.8,7.4,3.3,8.1,1.5,7.7,5.9,5.9,4.0,3.7,3.3,3.3,4.0,6.2,5.9,10.7,1.1,2.2,272,2hhma,103
7.0,2.0,5.0,7.5,3.5,8.2,2.0,6.8,6.0,10.8,1.5,4.2,3.8,5.2,3.5,7.2,5.2,7.0,1.2,2.2,400,1inp,103
10.6,0.2,6.2,8.4,2.6,5.3,2.9,6.6,5.7,11.4,2.6,4.0,4.0,3.8,6.4,4.2,4.6,6.0,0.9,3.5,546,1dpi,104
8.2,0.5,5.6,5.6,4.1,5.6,1.0,8.2,7.7,7.7,2.0,3.6,8.2,3.6,3.6,4.6,6.6,7.1,2.6,4.1,196,1har,104
2.9,1.2,6.7,8.8,4.6,6.2,2.5,6.7,7.1,8.8,2.1,3.8,5.0,4.2,7.5,6.2,5.8,5.8,0.4,3.8,240,1bpb,104
8.7,0.3,6.1,7.6,4.9,5.2,1.5,5.2,8.7,12.2,2.9,5.2,3.5,3.8,3.8,5.5,5.8,4.7,0.9,3.5,344,1hlea,105
6.5,0.0,3.2,6.5,19.4,3.2,6.5,9.7,0.0,6.5,0.0,12.9,9.7,0.0,6.5,9.7,0.0,0.0,0.0,0.0,31,1hleb,105
2.9,0.0,2.9,0.0,11.4,0.0,0.0,11.4,5.7,2.9,5.7,8.6,8.6,5.7,8.6,2.9,14.3,8.6,0.0,0.0,35,1achb,105
14.7,0.0,7.6,6.1,2.5,8.1,1.0,8.6,9.6,9.6,3.0,5.6,1.5,1.0,2.5,5.6,2.5,7.1,1.5,1.5,197,1cola,106
11.0,0.6,3.9,8.8,2.8,5.0,3.3,7.7,6.1,7.7,1.7,6.6,3.9,3.3,1.1,7.7,6.1,8.8,1.1,2.8,181,1ddt2,106
7.0,0.4,5.2,7.0,5.7,5.7,1.7,3.9,5.7,10.5,1.7,5.2,3.1,5.2,4.4,7.4,4.8,7.0,2.6,5.7,229,1dlc1,106
8.2,0.0,9.4,4.2,6.4,10.9,0.3,3.9,7.0,6.4,2.1,8.2,0.9,4.8,3.6,5.5,7.0,3.6,0.9,6.7,330,1pho,107
13.0,0.0,11.3,5.6,5.0,12.6,0.7,2.7,3.3,8.0,3.0,2.7,1.7,1.0,2.3,7.0,7.0,7.6,0.3,5.3,301,2por,107
9.9,0.0,2.0,3.6,8.6,11.9,2.3,5.3,0.7,12.3,3.3,4.0,3.6,2.6,4.0,6.3,4.3,5.6,6.6,3.0,302,1pcrm,108
7.3,1.1,3.3,2.6,9.5,12.8,2.9,6.6,1.8,11.7,1.5,3.3,5.5,1.8,3.3,6.6,2.6,6.6,5.5,3.7,273,1prcl,108
3.9,17.6,2.0,3.9,0.0,23.5,0.0,0.0,3.9,2.0,3.9,7.8,2.0,7.8,3.9,7.8,2.0,0.0,2.0,5.9,51,9wga1,109
11.8,20.6,2.9,2.9,2.9,20.6,5.9,0.0,0.0,0.0,0.0,5.9,5.9,5.9,2.9,2.9,2.9,0.0,0.0,5.9,34,9wga2,109
2.3,18.6,2.3,2.3,4.7,23.3,0.0,2.3,4.7,7.0,0.0,4.7,2.3,7.0,0.0,14.0,2.3,0.0,2.3,0.0,43,9wga3,109
7.1,19.0,4.8,0.0,0.0,26.2,0.0,2.4,7.1,0.0,0.0,4.8,4.8,2.4,2.4,7.1,2.4,2.4,2.4,4.8,42,9wga4,109
11.1,16.7,8.3,0.0,2.8,5.6,5.6,2.8,5.6,0.0,0.0,5.6,8.3,2.8,2.8,5.6,5.6,2.8,5.6,2.8,36,4cpai,110
4.2,16.7,4.2,8.3,2.1,12.5,0.0,6.2,4.2,4.2,4.2,4.2,4.2,0.0,8.3,4.2,8.3,0.0,2.1,2.1,48,1oma,110
4.6,12.3,3.1,9.2,1.5,13.8,0.0,0.0,12.3,7.7,0.0,4.6,6.2,1.5,0.0,6.2,4.6,1.5,1.5,9.2,65,2sn3,110
4.7,12.5,6.2,4.7,1.6,10.9,3.1,1.6,7.8,3.1,0.0,6.2,4.7,1.6,4.7,3.1,4.7,6.2,1.6,10.9,64,1ptx,110
0.0,16.2,0.0,2.7,2.7,2.7,2.7,0.0,10.8,2.7,2.7,8.1,0.0,2.7,8.1,13.5,10.8,5.4,2.7,2.7,37,2crd,110
3.2,19.4,3.2,3.2,3.2,9.7,3.2,3.2,9.7,16.1,3.2,3.2,0.0,3.2,6.5,6.5,0.0,3.2,0.0,0.0,31,1scy,110
2.8,22.2,8.3,0.0,2.8,13.9,2.8,0.0,8.3,2.8,8.3,0.0,5.6,5.6,8.3,0.0,5.6,0.0,0.0,2.8,36,1chl,110
2.7,16.2,2.7,2.7,2.7,10.8,2.7,2.7,13.5,2.7,5.4,5.4,8.1,2.7,5.4,5.4,2.7,5.4,0.0,0.0,37,1ktx,110
10.0,15.0,2.5,0.0,0.0,17.5,5.0,2.5,2.5,10.0,0.0,10.0,0.0,0.0,7.5,5.0,5.0,5.0,0.0,2.5,40,1ica,110
4.3,17.0,2.1,2.1,4.3,14.9,0.0,4.3,8.5,0.0,2.1,6.4,4.3,8.5,12.8,4.3,0.0,2.1,2.1,0.0,47,2gps,110
2.8,11.1,0.0,0.0,0.0,16.7,2.8,2.8,0.0,5.6,0.0,2.8,5.6,11.1,0.0,11.1,11.1,5.6,0.0,11.1,36,2cbh,110
7.7,12.8,5.1,5.1,0.0,5.1,2.6,10.3,5.1,15.4,0.0,7.7,0.0,5.1,5.1,10.3,2.6,0.0,0.0,0.0,39,1lpba1,110
2.2,10.9,2.2,8.7,4.3,10.9,2.2,4.3,4.3,6.5,0.0,8.7,2.2,0.0,2.2,8.7,8.7,6.5,0.0,6.5,46,1lpba2,110
0.0,22.2,8.3,5.6,2.8,0.0,0.0,2.8,11.1,0.0,2.8,2.8,11.1,2.8,5.6,16.7,2.8,0.0,0.0,2.8,36,1tabi,110
0.0,12.9,1.6,6.5,3.2,8.1,3.2,6.5,6.5,1.6,0.0,4.8,6.5,6.5,4.8,12.9,8.1,3.2,1.6,1.6,62,3ebx,111
1.6,13.1,4.9,3.3,0.0,8.2,3.3,1.6,6.6,4.9,3.3,4.9,8.2,0.0,8.2,8.2,9.8,3.3,0.0,6.6,61,1fas,111
5.0,13.3,1.7,1.7,0.0,3.3,0.0,5.0,16.7,8.3,5.0,8.3,6.7,0.0,3.3,5.0,3.3,8.3,0.0,5.0,60,1cdta,111
5.7,14.3,7.1,4.3,4.3,1.4,1.4,1.4,8.6,8.6,0.0,11.4,2.9,2.9,2.9,2.9,8.6,4.3,1.4,5.7,70,1erh,111
13.8,6.9,3.4,3.4,6.9,10.3,0.0,3.4,6.9,3.4,1.7,5.2,6.9,1.7,10.3,1.7,5.2,1.7,0.0,6.9,58,7pti,112
3.6,10.9,7.3,7.3,5.5,10.9,0.0,3.6,12.7,3.6,0.0,5.5,3.6,1.8,3.6,3.6,5.5,1.8,3.6,5.5,55,1knt,112
5.0,10.0,11.7,6.7,5.0,10.0,1.7,6.7,3.3,1.7,0.0,6.7,3.3,0.0,8.3,6.7,1.7,0.0,3.3,8.3,60,1tap,112
10.0,20.0,3.3,3.3,3.3,10.0,0.0,10.0,0.0,3.3,0.0,0.0,3.3,3.3,13.3,0.0,3.3,0.0,3.3,10.0,30,1dfna,113
2.6,15.8,0.0,0.0,2.6,13.2,0.0,7.9,2.6,2.6,2.6,2.6,13.2,2.6,13.2,5.3,2.6,7.9,2.6,0.0,38,1bnb,113
2.4,14.3,2.4,0.0,2.4,16.7,2.4,4.8,4.8,4.8,0.0,4.8,11.9,0.0,4.8,4.8,4.8,0.0,4.8,9.5,42,2bds,113
12.5,12.5,10.4,4.2,0.0,8.3,0.0,6.2,10.4,4.2,0.0,2.1,4.2,0.0,4.2,4.2,8.3,2.1,2.1,4.2,48,2sh1,113
5.9,13.7,7.8,5.9,2.0,9.8,2.0,2.0,3.9,5.9,0.0,5.9,5.9,5.9,3.9,5.9,5.9,3.9,0.0,3.9,51,2hcgb,114
2.4,14.3,9.5,9.5,4.8,16.7,4.8,2.4,7.1,2.4,0.0,4.8,2.4,4.8,2.4,2.4,7.1,0.0,0.0,2.4,42,1ccf,114
0.0,11.3,7.5,3.8,0.0,11.3,1.9,3.8,0.0,7.5,1.9,5.7,3.8,1.9,7.5,11.3,3.8,3.8,3.8,9.4,53,3egf,114
8.0,12.0,8.0,4.0,8.0,6.0,10.0,0.0,2.0,6.0,0.0,2.0,4.0,4.0,4.0,6.0,4.0,10.0,0.0,2.0,50,4tgf,114
2.0,8.0,2.0,4.0,0.0,2.0,4.0,4.0,4.0,4.0,2.0,4.0,4.0,12.0,10.0,12.0,2.0,10.0,4.0,6.0,50,1tpn,115
16.7,6.7,3.3,13.3,3.3,3.3,0.0,0.0,6.7,6.7,0.0,10.0,3.3,0.0,6.7,6.7,6.7,0.0,3.3,3.3,30,2pf11,115
5.8,7.0,5.8,2.3,1.2,9.3,5.8,0.0,4.7,8.1,2.3,5.8,5.8,5.8,8.1,3.5,4.7,5.8,2.3,5.8,86,1urk2,115
4.0,12.0,4.0,6.0,4.0,8.0,2.0,0.0,8.0,8.0,0.0,10.0,6.0,0.0,2.0,8.0,8.0,4.0,0.0,6.0,50,3sgbi,116
1.8,10.7,1.8,7.1,0.0,7.1,0.0,5.4,7.1,3.6,0.0,5.4,8.9,5.4,3.6,10.7,10.7,7.1,0.0,3.6,56,1tgsi,116
9.8,15.7,3.9,2.0,2.0,7.8,2.0,5.9,9.8,2.0,0.0,7.8,11.8,2.0,2.0,5.9,2.0,0.0,0.0,7.8,51,4sgbi,116
5.7,13.2,5.7,0.0,7.5,7.5,0.0,1.9,5.7,1.9,0.0,3.8,13.2,7.5,5.7,7.5,3.8,5.7,1.9,0.0,53,1pspa1,117
5.7,13.2,5.7,11.3,5.7,3.8,1.9,3.8,1.9,0.0,3.8,3.8,9.4,1.9,3.8,9.4,1.9,7.5,1.9,3.8,53,1pspa2,117
7.0,9.3,1.2,8.1,3.5,1.2,1.2,5.8,8.1,4.7,1.2,3.5,7.0,5.8,9.3,2.3,7.0,12.8,1.2,0.0,86,1pdga,118
7.1,8.0,5.4,3.6,2.7,3.6,1.8,6.2,6.2,9.8,0.9,6.2,6.2,3.6,3.6,8.9,3.6,3.6,2.7,6.2,112,2tgi,118
7.5,5.6,5.6,5.6,5.6,4.7,1.9,4.7,7.5,2.8,0.0,4.7,0.9,1.9,5.6,8.4,11.2,11.2,2.8,1.9,107,1bet,118
4.7,11.8,1.2,4.7,4.7,4.7,2.4,1.2,5.9,4.7,3.5,4.7,7.1,5.9,3.5,8.2,9.4,7.1,0.0,4.7,85,1hcna,118
6.4,10.9,3.6,3.6,0.9,6.4,0.9,3.6,2.7,8.2,0.9,3.6,10.9,2.7,9.1,3.6,8.2,10.9,0.0,2.7,110,1hcnb,118
0.0,9.2,6.2,12.3,1.5,13.8,1.5,3.1,4.6,6.2,0.0,7.7,4.6,7.7,0.0,6.2,6.2,6.2,0.0,3.1,65,1hrti,119
5.1,15.4,12.8,7.7,2.6,7.7,0.0,0.0,5.1,5.1,0.0,2.6,15.4,10.3,7.7,0.0,0.0,0.0,0.0,2.6,39,1dec,119
11.0,6.8,8.5,4.2,2.5,7.6,6.8,2.5,14.4,4.2,0.8,2.5,6.8,2.5,0.8,2.5,9.3,5.1,0.0,0.8,118,2cy3,120
11.2,7.5,7.5,2.8,1.9,9.3,8.4,0.0,18.7,2.8,2.8,3.7,3.7,1.9,0.0,4.7,5.6,4.7,0.0,2.8,107,2cdv,120
16.1,6.5,4.8,0.0,4.8,14.5,0.0,4.8,11.3,0.0,1.6,6.5,6.5,4.8,1.6,3.2,4.8,4.8,0.0,3.2,62,1isua,121
22.4,4.7,5.9,4.7,2.4,7.1,1.2,2.4,5.9,5.9,1.2,5.9,5.9,5.9,2.4,3.5,4.7,3.5,3.5,1.2,85,1hip,121
14.1,5.6,8.5,11.3,2.8,9.9,5.6,0.0,1.4,2.8,0.0,2.8,5.6,4.2,4.2,4.2,1.4,7.0,4.2,4.2,71,2hipa,121
0.0,8.1,0.0,5.4,5.4,2.7,10.8,2.7,10.8,0.0,0.0,5.4,0.0,0.0,10.8,8.1,10.8,10.8,0.0,8.1,37,2drpa1,122
13.3,6.7,3.3,0.0,3.3,6.7,6.7,6.7,6.7,13.3,0.0,6.7,0.0,3.3,13.3,3.3,3.3,0.0,0.0,3.3,30,1paa,123
3.3,6.7,0.0,0.0,6.7,3.3,10.0,0.0,23.3,3.3,3.3,6.7,3.3,0.0,3.3,13.3,6.7,0.0,0.0,6.7,30,4znf,123
3.3,6.7,3.3,6.7,0.0,0.0,6.7,3.3,20.0,3.3,0.0,3.3,0.0,6.7,3.3,13.3,10.0,0.0,0.0,10.0,30,5znf,123
3.3,6.7,3.3,0.0,0.0,6.7,1.7,1.7,6.7,6.7,3.3,6.7,5.0,5.0,11.7,8.3,11.7,6.7,1.7,3.3,60,1gata,124
8.5,14.1,4.2,4.2,2.8,8.5,2.8,4.2,7.0,7.0,1.4,5.6,1.4,2.8,9.9,4.2,1.4,5.6,0.0,4.2,71,1rgd,124
2.0,12.0,4.0,4.0,6.0,8.0,0.0,0.0,12.0,2.0,2.0,6.0,2.0,6.0,4.0,2.0,18.0,6.0,2.0,2.0,50,1tfi,125
9.6,7.7,7.7,7.7,3.8,0.0,3.8,5.8,5.8,5.8,0.0,7.7,3.8,0.0,5.8,11.5,0.0,11.5,0.0,1.9,52,2atcb2,125
9.8,7.8,11.8,7.8,3.9,9.8,0.0,0.0,7.8,2.0,0.0,2.0,11.8,0.0,0.0,3.9,3.9,9.8,2.0,5.9,51,8rxna,125
10.0,30.0,6.7,3.3,0.0,6.7,0.0,0.0,13.3,0.0,3.3,3.3,3.3,0.0,0.0,13.3,6.7,0.0,0.0,0.0,30,2mhu,126
12.9,35.5,3.2,0.0,0.0,9.7,0.0,3.2,12.9,0.0,0.0,0.0,6.5,3.2,0.0,12.9,0.0,0.0,0.0,0.0,31,1mrb,126
3.2,29.0,0.0,6.5,0.0,3.2,0.0,0.0,19.4,0.0,0.0,0.0,9.7,3.2,0.0,12.9,12.9,0.0,0.0,0.0,31,1dmc,126
5.6,0.0,0.0,0.0,2.8,22.2,0.0,0.0,16.7,5.6,0.0,0.0,8.3,8.3,16.7,2.8,2.8,2.8,2.8,2.8,36,2bpa3,127
12.5,0.0,7.5,2.5,2.5,5.0,0.0,2.5,10.0,10.0,5.0,5.0,7.5,2.5,0.0,15.0,5.0,2.5,0.0,5.0,40,4rhv4,127
10.4,0.0,1.5,1.5,4.5,11.9,0.0,6.0,4.5,16.4,7.5,0.0,6.0,1.5,1.5,1.5,10.4,6.0,3.0,6.0,67,1bhb,128
7.2,0.0,1.4,4.3,5.8,8.7,0.0,7.2,2.9,14.5,2.9,2.9,4.3,0.0,5.8,7.2,4.3,15.9,2.9,1.4,69,1bct,128
