33.6,37.6,28.9,21.6,23.6,19.6,1.3,25.5,54.4,79.9,100.0,0.7,16.8,39.6,71.1,99.3,2.7,33.6,51.0,69.8,98.0,149,2lhb,1
34.7,29.2,36.1,24.5,23.1,20.3,0.7,26.4,52.1,72.2,100.0,2.8,21.5,45.8,76.4,99.3,2.1,20.8,46.5,70.8,97.9,144,3sdha,1
27.5,45.1,27.5,23.4,17.0,25.5,1.4,23.2,50.7,78.9,100.0,0.7,17.6,44.4,73.2,98.6,2.1,26.1,52.1,68.3,99.3,142,1flp,1
29.9,43.5,26.5,30.1,16.4,19.2,1.4,23.8,47.6,72.1,98.6,0.7,25.2,45.6,76.9,100.0,4.1,19.7,53.1,68.7,99.3,147,2hbg,1
32.5,27.9,39.6,15.7,29.4,28.1,0.6,18.8,44.8,70.1,98.7,2.6,26.0,52.6,78.6,100.0,3.2,27.3,51.3,74.0,99.4,154,2mge,1
33.1,37.5,29.4,25.9,20.0,27.4,0.7,20.6,48.5,76.5,100.0,1.5,23.5,47.1,77.9,98.5,2.9,27.2,50.0,69.9,99.3,136,1eca,1
34.6,32.7,32.7,21.1,25.0,22.4,2.0,23.5,51.0,74.5,97.4,0.7,24.2,48.4,68.6,100.0,3.3,22.9,47.7,75.8,98.7,153,2gdm,1
35.6,32.2,32.2,24.8,25.5,22.1,0.7,23.3,51.4,75.3,99.3,2.7,19.9,43.8,73.3,97.3,1.4,26.7,52.7,71.2,100.0,146,1babb,1
36.2,38.3,25.5,27.9,20.7,18.6,1.4,22.0,46.8,73.8,99.3,0.7,27.0,56.7,79.4,98.6,4.3,19.1,49.6,72.3,100.0,141,1itha,1
30.6,23.1,46.3,14.4,26.7,21.9,4.8,25.9,49.7,73.5,98.6,0.7,18.4,49.0,72.1,96.6,1.4,22.4,46.3,75.5,100.0,147,1ash,1
33.8,31.2,35.0,21.2,25.0,23.7,2.5,24.8,51.6,74.5,98.1,0.6,22.9,42.7,70.1,100.0,4.5,19.7,48.4,73.2,99.4,157,1hlb,1
30.9,43.8,25.3,24.8,16.8,23.0,0.6,36.4,59.9,76.5,99.4,1.9,21.6,39.5,69.8,100.0,1.2,20.4,50.0,74.1,98.1,162,1cpca,1
32.6,40.7,26.7,27.5,16.4,23.4,0.6,23.8,51.7,69.8,99.4,2.3,27.9,54.7,79.7,100.0,1.7,20.9,44.8,66.3,96.5,172,1cpcb,1
26.9,26.9,46.2,15.6,28.6,31.2,3.8,21.8,37.2,73.1,97.4,2.6,12.8,42.3,64.1,98.7,1.3,26.9,53.8,74.4,100.0,78,1grj1,2
28.2,25.5,46.4,18.3,26.6,21.1,0.9,16.4,36.4,75.5,96.4,10.0,44.5,64.5,87.3,100.0,2.7,19.1,43.6,67.3,90.9,110,1srya1,2
32.9,34.1,32.9,22.2,24.7,22.2,2.4,22.0,50.0,78.0,97.6,1.2,18.3,43.9,72.0,100.0,3.7,29.3,47.6,69.5,95.1,82,1isca1,2
27.0,39.6,33.3,16.4,16.4,25.5,2.7,36.0,60.4,74.8,95.5,0.9,18.0,44.1,71.2,100.0,4.5,23.4,42.3,72.1,97.3,111,1ccr,3
25.8,36.3,37.9,16.3,21.1,31.7,9.7,32.3,57.3,80.6,98.4,2.4,22.6,39.5,66.9,100.0,0.8,19.4,54.0,76.6,99.2,124,1cxa,3
28.0,37.8,34.1,24.7,14.8,29.6,6.1,15.9,36.6,72.0,96.3,3.7,30.5,48.8,73.2,97.6,1.2,19.5,50.0,78.0,100.0,82,2pac,3
31.3,37.4,31.3,24.0,18.5,22.6,2.7,25.9,52.4,73.5,98.6,0.7,32.0,55.1,72.8,100.0,2.0,17.7,34.7,75.5,99.3,147,2mtac,3
29.1,35.4,35.4,24.4,17.9,30.8,7.6,16.5,51.9,77.2,100.0,1.3,19.0,35.4,63.3,97.5,2.5,34.2,50.6,78.5,98.7,79,1c53,3
30.0,42.5,27.5,22.8,20.3,24.1,7.5,36.2,50.0,71.2,97.5,2.5,21.2,37.5,68.8,100.0,1.2,18.8,52.5,81.2,98.8,80,1fcdc1,3
28.7,30.9,40.4,19.4,25.8,22.6,5.3,25.5,51.1,75.5,95.7,1.1,13.8,45.7,73.4,97.9,2.1,23.4,46.8,69.1,100.0,94,1fcdc2,3
25.9,22.2,51.9,13.2,26.4,20.8,11.1,25.9,59.3,79.6,100.0,3.7,9.3,22.2,63.0,96.3,1.9,29.6,50.0,74.1,98.1,54,1enh,4
27.3,26.0,46.8,13.2,23.7,21.1,2.6,16.9,50.6,74.0,97.4,6.5,19.5,55.8,66.2,96.1,1.3,26.0,45.5,79.2,100.0,77,1lfb,4
30.5,20.3,49.2,13.8,29.3,22.4,1.7,22.0,44.1,61.0,84.7,5.1,27.1,49.2,67.8,100.0,3.4,20.3,50.8,79.7,98.3,59,1aplc,4
31.1,18.0,50.8,10.0,26.7,15.0,13.1,26.2,54.1,73.8,96.7,9.8,11.5,31.1,44.3,100.0,1.6,18.0,49.2,83.6,98.4,61,1hdp,4
32.0,28.0,40.0,24.5,20.4,14.3,8.0,32.0,58.0,74.0,98.0,2.0,26.0,60.0,70.0,88.0,4.0,16.0,34.0,48.0,100.0,50,1hcra,4
30.2,27.9,41.9,16.7,26.2,23.8,14.0,27.9,44.2,69.8,90.7,2.3,41.9,51.2,72.1,97.7,4.7,11.6,37.2,67.4,100.0,43,1ret,4
32.7,18.2,49.1,13.0,33.3,16.7,1.8,12.7,40.0,61.8,98.2,9.1,10.9,43.6,56.4,94.5,7.3,23.6,58.2,80.0,100.0,55,1msec1,4
26.0,26.0,48.0,16.3,22.4,24.5,8.0,24.0,46.0,60.0,100.0,4.0,10.0,48.0,64.0,90.0,2.0,20.0,44.0,78.0,98.0,50,1msec2,4
27.8,33.3,38.9,18.3,22.5,23.9,1.4,19.4,48.6,77.8,95.8,4.2,31.9,50.0,70.8,90.3,2.8,22.2,47.2,72.2,100.0,72,1leb,4
33.8,29.4,36.8,23.9,22.4,29.9,2.9,19.1,55.9,76.5,100.0,4.4,20.6,36.8,66.2,95.6,1.5,23.5,47.1,70.6,94.1,68,3gapb2,4
27.0,39.2,33.8,19.2,24.7,26.0,6.8,36.5,58.1,71.6,97.3,1.4,16.2,35.1,75.7,98.6,2.7,25.7,45.9,62.2,100.0,74,1hsta,4
35.8,23.6,40.6,18.1,27.6,15.2,3.8,22.6,47.2,68.9,97.2,0.9,8.5,36.8,67.0,91.5,9.4,29.2,50.9,78.3,100.0,106,1hks,4
27.0,35.1,37.8,19.4,25.0,13.9,2.7,13.5,37.8,64.9,100.0,5.4,10.8,45.9,59.5,78.4,16.2,29.7,54.1,83.8,97.3,37,1bbl,5
32.6,32.6,34.9,19.0,26.2,16.7,2.3,9.3,41.9,69.8,90.7,7.0,14.0,55.8,86.0,100.0,18.6,27.9,44.2,67.4,83.7,43,2pde,5
40.0,32.5,27.5,23.1,15.4,23.1,7.5,27.5,70.0,80.0,100.0,5.0,17.5,42.5,65.0,95.0,2.5,10.0,30.0,57.5,87.5,40,1erl,6
40.0,40.0,20.0,46.2,10.3,17.9,7.5,30.0,50.0,70.0,97.5,5.0,25.0,55.0,80.0,100.0,2.5,15.0,32.5,52.5,90.0,40,1erd,6
36.8,26.3,36.8,18.9,24.3,16.2,5.3,21.1,50.0,78.9,97.4,15.8,18.4,55.3,68.4,100.0,2.6,13.2,34.2,57.9,92.1,38,1erp,6
31.9,25.0,43.1,14.7,35.7,23.1,2.8,17.4,43.8,71.5,97.2,0.7,27.8,50.0,72.9,100.0,1.4,25.7,50.7,76.4,97.9,144,1lpe,7
28.8,33.6,37.7,17.2,24.1,28.3,0.7,18.5,52.1,73.3,100.0,3.4,30.1,46.6,69.2,99.3,1.4,20.5,47.3,74.0,98.6,146,1was,7
22.6,29.2,48.1,8.6,31.4,28.6,2.8,16.0,54.7,67.9,99.1,0.9,29.2,43.4,74.5,94.3,1.9,19.8,48.1,76.4,100.0,106,256ba,7
22.8,44.1,33.1,20.6,15.9,36.5,5.5,17.3,38.6,64.6,97.6,1.6,29.1,52.8,75.6,93.7,0.8,16.5,52.0,78.7,100.0,127,2ccya,7
35.4,23.0,41.6,19.6,27.7,20.5,1.8,17.7,44.2,77.0,100.0,0.9,14.2,45.1,62.8,98.2,5.3,34.5,52.2,73.5,99.1,113,2hmza,7
33.1,36.4,30.5,20.3,24.2,21.6,1.3,17.5,45.5,74.0,98.7,0.6,20.8,53.2,77.9,100.0,5.8,26.6,47.4,70.8,94.2,154,2tmvp,7
31.8,35.1,33.1,27.5,23.5,21.6,2.6,29.9,49.4,77.3,99.4,0.6,14.3,43.5,64.3,98.1,3.2,26.6,53.2,79.9,100.0,154,3mdda1,7
38.6,16.5,44.9,12.7,40.1,18.5,0.6,20.3,44.9,72.8,97.5,1.9,22.8,56.3,68.4,100.0,1.3,25.9,49.4,77.2,99.4,158,1bcfa,8
33.1,20.9,45.9,14.0,32.7,16.4,2.3,20.9,47.1,73.3,99.4,0.6,19.8,53.5,84.3,100.0,1.7,26.7,47.7,70.9,98.3,172,1fha,8
38.5,25.3,36.2,22.7,27.1,19.5,0.6,27.4,52.1,76.8,100.0,0.3,26.8,50.3,71.8,99.1,2.6,20.0,46.5,75.6,98.8,340,1riba,8
34.1,30.7,35.2,22.2,25.8,21.7,1.6,27.3,51.8,76.3,99.7,1.3,20.6,45.6,72.7,99.5,0.3,24.2,48.4,74.7,100.0,384,1mmob,8
34.8,28.9,36.3,20.9,26.2,22.3,1.8,27.7,53.7,76.0,100.0,0.2,24.4,46.7,71.1,99.8,0.6,21.9,49.0,77.3,99.6,512,1mmod,8
37.1,35.8,27.0,27.8,24.1,16.5,1.3,25.2,47.8,71.7,99.4,0.6,30.2,54.1,76.7,100.0,2.5,16.4,44.0,71.1,98.7,159,1bgeb,9
36.6,29.1,34.3,22.8,28.1,19.3,2.3,27.9,55.2,75.0,100.0,1.2,22.1,40.7,64.0,99.4,0.6,23.3,51.2,75.6,98.8,172,1lki,9
38.6,28.3,33.1,23.6,24.8,21.2,0.6,27.1,55.4,78.9,100.0,1.2,22.3,40.4,72.3,99.4,4.8,19.9,42.2,71.1,97.0,166,1huw,9
33.6,31.9,34.5,17.8,29.7,18.6,7.6,32.8,55.5,83.2,99.2,0.8,15.1,51.3,71.4,95.8,5.9,21.8,43.7,68.9,100.0,119,1gmfa,9
31.8,27.1,41.1,20.3,25.0,16.4,2.3,20.9,50.4,72.1,98.4,4.7,23.3,38.8,73.6,100.0,0.8,28.7,49.6,69.0,97.7,129,1rcb,9
38.5,19.6,42.0,15.5,34.5,16.2,2.1,23.8,44.8,72.7,100.0,0.7,15.4,47.6,68.5,98.6,1.4,27.3,54.5,79.0,99.3,143,1hmcb,9
37.7,19.2,43.0,18.0,36.7,19.3,2.0,25.2,44.4,76.2,98.7,1.3,14.6,45.7,68.9,96.7,0.7,23.8,51.0,72.8,100.0,151,1ilk,9
41.5,17.0,41.5,15.2,38.6,10.1,0.6,27.7,51.6,78.6,98.7,6.3,25.8,44.7,69.2,96.9,1.3,17.0,47.2,71.7,100.0,159,1ifa,9
37.0,16.0,47.1,7.6,39.8,12.7,3.4,27.7,50.4,77.3,98.3,1.7,16.0,22.7,58.0,91.6,0.8,29.4,52.9,76.5,100.0,119,1rfba,9
35.2,23.9,40.8,25.7,34.3,20.0,2.8,26.8,47.9,74.6,94.4,12.7,31.0,43.7,59.2,98.6,1.4,18.3,45.1,76.1,100.0,71,1pou,10
33.3,31.0,35.6,30.2,23.3,18.6,2.3,29.9,56.3,75.9,98.9,1.1,31.0,49.4,70.1,100.0,4.6,13.8,32.2,64.4,96.6,87,1lmb3,10
35.4,29.2,35.4,25.0,29.7,20.3,1.5,23.1,55.4,80.0,96.9,4.6,27.7,41.5,67.7,100.0,3.1,15.4,38.5,64.6,95.4,65,2cro,10
31.6,30.3,38.2,22.7,25.3,33.3,1.3,25.0,46.1,77.6,100.0,3.9,30.3,53.9,73.7,98.7,2.6,18.4,42.1,63.2,96.1,76,1adr,10
28.8,34.8,36.4,23.1,21.5,24.6,1.5,15.2,39.4,63.6,87.9,9.1,28.8,54.5,78.8,100.0,3.0,19.7,47.0,71.2,95.5,66,1croa,10
31.6,25.0,43.4,12.0,32.0,22.7,1.3,31.6,52.6,81.6,97.4,3.9,19.7,46.1,59.2,98.7,2.6,23.7,44.7,73.7,100.0,76,4icb,11
28.4,33.0,38.5,21.3,19.4,21.3,1.8,22.0,43.1,64.2,97.2,0.9,18.3,59.6,79.8,100.0,3.7,25.7,47.7,69.7,99.1,109,1rtp1,11
29.4,26.5,44.1,12.1,30.3,27.3,17.6,29.4,58.8,67.6,88.2,5.9,20.6,50.0,79.4,100.0,2.9,11.8,41.2,64.7,91.2,34,1ctaa,11
32.4,25.9,41.6,18.5,26.6,20.7,0.5,23.8,48.1,69.2,99.5,1.1,24.9,44.3,65.9,95.7,1.6,25.4,57.3,80.5,100.0,185,1rec,11
35.1,29.9,35.1,21.4,22.0,22.0,1.7,27.6,52.3,74.1,100.0,0.6,31.0,51.7,75.9,98.9,1.1,19.5,46.0,65.5,96.0,174,2scpa,11
35.7,24.3,40.0,18.5,34.8,15.2,1.1,24.9,53.5,73.5,97.8,0.5,30.3,54.1,81.6,100.0,1.6,17.8,39.5,69.2,99.5,185,2sas,11
34.9,24.8,40.3,18.2,33.1,16.9,3.4,22.8,48.3,73.8,98.0,0.7,32.2,47.7,67.1,100.0,1.3,21.5,51.0,78.5,96.6,149,2scmc,11
45.0,17.5,37.5,20.5,38.5,15.4,2.5,20.0,47.5,77.5,97.5,5.0,5.0,50.0,65.0,95.0,7.5,17.5,42.5,57.5,100.0,40,1mylb,12
28.8,28.8,42.3,19.4,24.3,28.2,2.9,25.0,46.2,67.3,100.0,1.0,14.4,50.0,68.3,97.1,1.9,29.8,48.1,76.0,99.0,104,1cmca,12
39.8,21.8,38.3,16.7,31.1,19.7,0.8,22.6,51.1,69.9,97.7,2.3,35.3,56.4,83.5,98.5,3.0,16.5,38.3,68.4,100.0,133,2gsta2,57
34.6,28.5,36.9,19.4,27.1,21.7,6.9,22.3,50.0,69.2,95.4,0.8,26.9,51.5,78.5,98.5,1.5,17.7,43.1,70.8,100.0,130,1gsra2,13
36.2,26.8,37.0,22.2,30.2,19.0,0.8,22.8,54.3,74.8,100.0,2.4,27.6,50.4,69.3,96.9,1.6,18.9,38.6,76.4,99.2,127,1gsq2,13
32.2,32.2,35.6,23.6,28.1,23.6,1.1,15.6,53.3,81.1,100.0,4.4,23.3,44.4,73.3,97.8,2.2,35.6,48.9,70.0,98.9,90,1lpt,14
36.4,36.4,27.3,27.5,23.3,17.5,0.8,23.1,48.8,76.0,96.7,1.7,20.7,47.9,76.9,99.2,10.7,31.4,49.6,71.1,100.0,121,1bip,14
31.0,37.2,31.7,19.4,20.1,24.3,0.7,22.8,51.7,71.7,99.3,2.8,27.6,54.5,79.3,100.0,2.1,20.7,42.8,66.2,93.1,145,1ezm2,15
30.4,39.1,30.4,25.0,19.4,22.5,0.6,20.5,50.9,70.2,99.4,3.7,27.3,52.8,77.0,98.8,1.9,19.9,43.5,68.3,100.0,161,8tlne2,15
32.6,29.2,38.1,20.7,24.8,17.2,0.3,18.6,51.5,77.7,100.0,1.7,26.5,46.0,65.6,99.7,1.0,25.1,52.2,74.6,99.3,291,7ccp,16
30.9,40.5,28.6,24.6,19.3,26.3,0.9,23.6,49.3,74.1,98.5,0.3,24.2,51.6,79.6,100.0,1.5,24.5,48.4,71.7,99.7,343,1lgaa,16
31.1,35.0,34.0,28.4,18.6,16.7,5.8,30.1,53.4,80.6,95.1,1.0,22.3,45.6,68.9,100.0,1.9,15.5,50.5,76.7,98.1,103,1mypa,16
35.9,29.7,34.4,25.2,24.5,18.2,0.4,26.0,50.4,75.1,100.0,0.9,24.0,47.2,73.6,99.8,0.2,22.9,50.2,74.2,99.1,462,1mypc,16
34.8,30.9,34.3,24.3,23.0,21.3,0.5,25.9,48.4,73.6,100.0,0.7,23.0,51.1,77.0,99.8,0.2,24.7,49.6,73.8,99.5,405,2cp4,17
33.9,26.9,39.2,20.2,25.9,21.5,0.4,25.8,51.2,74.4,99.6,0.2,23.2,53.2,74.8,100.0,0.7,24.1,46.6,75.3,98.9,457,2hpda,17
34.2,32.8,33.0,24.1,22.4,21.4,0.2,24.8,47.6,73.3,99.3,0.7,24.5,52.4,72.8,100.0,0.5,24.3,49.8,76.5,99.8,412,1cpt,17
34.3,30.6,35.1,15.8,24.8,27.8,0.7,26.9,58.2,73.1,100.0,3.0,16.4,38.1,59.7,91.8,8.2,25.4,49.3,79.9,99.3,134,1poc,18
37.3,30.5,32.2,23.1,30.8,12.8,1.7,20.3,48.3,75.4,100.0,10.2,27.1,55.9,72.9,98.3,0.8,25.4,44.9,77.1,99.2,118,1poa,18
36.4,23.1,40.5,20.8,26.7,18.3,1.7,23.1,52.9,76.0,100.0,0.8,16.5,29.8,59.5,99.2,3.3,31.4,52.1,74.4,98.3,121,1ppa,18
35.5,9.7,54.8,10.0,50.0,6.7,6.5,16.1,41.9,74.2,96.8,45.2,45.2,77.4,100.0,100.0,3.2,19.4,35.5,64.5,90.3,31,2ztaa,19
41.3,41.3,17.4,33.3,11.1,20.0,4.3,26.1,58.7,76.1,93.5,2.2,15.2,37.0,63.0,100.0,8.7,19.6,34.8,43.5,97.8,46,1pfia,19
45.0,15.0,40.0,18.6,37.3,11.9,3.3,21.7,53.3,75.0,100.0,5.0,11.7,25.0,51.7,98.3,1.7,31.7,46.7,68.3,96.7,60,1scma,19
29.1,39.0,31.9,23.1,19.3,18.4,0.5,21.1,45.5,68.1,100.0,1.9,26.3,46.9,73.7,97.2,0.9,25.4,57.3,77.9,99.5,213,6fabl,20
33.5,30.6,35.9,22.0,21.5,26.3,1.5,19.9,44.2,74.8,100.0,0.5,25.2,51.5,75.7,99.5,4.4,25.7,49.0,73.3,98.1,206,1fc2d,20
31.5,30.3,38.2,18.1,26.0,23.2,1.7,24.7,52.2,80.9,99.4,3.4,25.3,58.4,71.3,100.0,0.6,21.9,43.8,73.6,97.2,178,3cd4,20
32.2,32.8,35.0,22.2,27.3,23.9,1.7,29.9,54.8,74.0,100.0,0.6,19.2,40.1,65.5,97.7,4.0,27.7,56.5,78.5,99.4,177,1cid,20
30.7,26.3,43.0,19.1,32.6,19.7,2.2,24.6,50.8,72.1,98.3,0.6,20.1,60.9,84.4,98.9,1.1,24.0,41.9,70.4,100.0,179,1hnf,20
40.6,26.7,32.7,22.0,29.0,15.0,1.0,24.8,46.5,71.3,98.0,2.0,13.9,43.6,57.4,100.0,3.0,28.7,59.4,80.2,99.0,101,1dlha2,20
35.7,33.7,30.6,25.8,21.6,18.6,3.1,24.5,51.0,70.4,98.0,5.1,28.6,53.1,76.5,100.0,1.0,18.4,44.9,65.3,99.0,98,1dlhb,20
35.2,31.9,33.0,27.8,24.4,22.2,6.6,28.6,51.6,80.2,100.0,1.1,18.7,41.8,68.1,96.7,3.3,15.4,47.3,65.9,98.9,91,1vaaa2,20
33.3,28.3,38.4,17.3,27.6,29.6,1.0,26.3,49.5,65.7,100.0,4.0,20.2,55.6,73.7,92.9,2.0,19.2,44.4,74.7,99.0,99,1vaab,20
36.8,36.0,27.2,23.9,16.8,22.1,2.6,21.9,55.3,81.6,98.2,0.9,27.2,41.2,66.7,100.0,1.8,16.7,49.1,65.8,93.0,114,1cd8,20
34.0,28.2,37.9,20.6,28.4,26.5,1.0,20.4,42.7,71.8,100.0,1.9,24.3,51.5,79.6,99.0,2.9,22.3,46.6,63.1,98.1,103,1tlk,20
27.5,38.5,34.1,24.4,17.8,31.1,2.2,20.9,42.9,68.1,97.8,4.4,22.0,46.2,67.0,96.7,1.1,24.2,51.6,82.4,100.0,91,1tnn,20
29.4,47.1,23.5,31.7,13.9,24.8,2.9,30.4,63.7,80.4,98.0,1.0,23.5,44.1,72.5,99.0,2.0,17.6,46.1,58.8,100.0,102,1gof1,20
30.6,50.6,18.8,33.3,15.5,17.9,5.9,22.4,52.9,76.5,100.0,1.2,18.8,44.7,69.4,97.6,8.2,25.9,58.8,80.0,95.3,85,1cgt1,20
35.1,24.6,40.4,20.7,32.2,17.6,0.9,24.1,54.8,75.9,99.6,0.4,29.4,53.1,68.4,94.3,1.3,21.5,44.3,75.0,100.0,228,1oxy1,20
34.0,36.0,30.0,24.2,20.2,20.2,1.0,25.0,53.0,76.0,100.0,3.0,29.0,52.0,74.0,95.0,2.0,17.0,40.0,68.0,99.0,100,1clc1,20
27.5,44.0,28.4,16.7,24.1,23.1,7.3,24.8,42.2,78.0,98.2,0.9,22.0,49.5,67.9,99.1,4.6,25.7,45.0,74.3,100.0,109,1ctn1,20
33.7,31.7,34.7,20.0,28.0,21.0,3.0,22.8,53.5,76.2,99.0,1.0,18.8,42.6,58.4,91.1,2.0,23.8,54.5,79.2,100.0,101,1ncia,20
27.7,55.4,17.0,32.4,14.4,19.8,3.6,26.8,41.1,74.1,99.1,0.9,19.6,46.4,73.2,100.0,12.5,31.2,54.5,70.5,95.5,112,2mcm,20
27.3,38.7,34.0,22.8,18.1,28.9,0.7,18.0,37.3,68.7,98.7,2.0,28.0,55.3,76.0,100.0,1.3,22.7,45.3,71.3,93.3,150,1xsoa,20
30.8,50.5,18.7,32.2,17.8,17.8,3.3,18.7,44.0,71.4,100.0,1.1,22.0,51.6,72.5,97.8,4.4,30.8,46.2,80.2,98.9,91,1fna,20
29.2,36.0,34.8,26.1,25.0,25.0,1.1,21.3,39.3,65.2,97.8,3.4,22.5,50.6,82.0,100.0,2.2,25.8,53.9,71.9,95.5,89,1ten,20
29.0,40.0,31.0,24.2,23.2,22.2,1.0,23.0,46.0,69.0,97.0,6.0,33.0,54.0,86.0,99.0,3.0,20.0,32.0,62.0,100.0,100,1cfb1,20
34.4,30.0,35.6,21.3,23.6,19.1,4.4,31.1,60.0,75.6,98.9,2.2,17.8,53.3,68.9,93.3,1.1,20.0,40.0,63.3,100.0,90,3hhr1,20
38.7,25.5,35.8,21.0,37.1,18.1,4.7,23.6,48.1,69.8,100.0,0.9,14.2,35.8,67.0,98.1,1.9,29.2,49.1,74.5,99.1,106,3hhr2,20
33.7,33.7,32.7,20.6,28.9,25.8,4.1,22.4,48.0,70.4,99.0,1.0,18.4,44.9,77.6,96.9,2.0,25.5,52.0,67.3,100.0,98,2hft1,20
31.1,32.8,36.1,20.3,22.0,20.3,1.7,26.1,49.6,73.9,96.6,0.8,19.3,46.2,66.4,100.0,4.2,21.8,47.9,74.8,97.5,119,3dpa1,20
37.8,25.9,36.3,22.4,32.8,14.9,3.0,21.5,46.7,72.6,97.8,0.7,25.9,42.2,68.9,100.0,4.4,25.2,50.4,76.3,98.5,135,1rsy,20
34.3,27.3,38.4,18.4,30.6,26.5,1.0,26.3,51.5,70.7,100.0,4.0,18.2,52.5,72.7,94.9,2.0,19.2,44.4,74.7,99.0,99,1frub,20
35.5,41.1,23.4,30.0,16.0,20.2,0.9,23.4,48.1,71.0,98.6,0.5,26.2,56.5,75.2,99.5,1.4,25.2,41.6,76.6,100.0,214,8fabb,20
31.0,34.8,34.2,24.0,25.3,27.9,5.8,30.3,52.3,76.8,98.7,0.6,20.6,42.6,71.0,100.0,2.6,23.9,50.3,75.5,99.4,155,1ddt3,21
24.5,57.3,18.2,33.0,12.8,16.5,7.3,15.5,38.2,65.5,99.1,0.9,28.2,53.6,77.3,100.0,8.2,21.8,44.5,66.4,93.6,110,1exg,21
34.1,31.7,34.1,22.3,24.1,23.5,0.6,24.0,44.9,68.9,95.8,1.2,24.6,50.9,77.2,99.4,3.6,22.2,52.1,72.5,100.0,167,1ctm1,21
30.8,43.3,26.0,23.3,23.3,10.7,4.8,22.1,47.1,66.3,99.0,1.0,27.9,51.0,80.8,96.2,2.9,19.2,48.1,70.2,100.0,104,1cgt2,22
32.2,39.0,28.8,25.6,20.5,22.2,1.7,16.9,50.8,72.0,96.6,2.5,29.7,56.8,79.7,99.2,0.8,22.9,45.8,67.8,100.0,118,1etb1,22
31.5,32.5,36.0,16.6,27.1,29.1,1.0,26.0,53.0,77.5,100.0,0.5,15.0,46.5,62.0,97.5,1.5,28.5,51.5,79.5,99.5,200,2pcda,22
32.6,33.9,33.5,23.7,22.0,25.9,3.4,29.6,54.1,78.5,99.6,0.4,20.2,48.9,70.0,98.7,1.3,22.7,46.8,76.4,100.0,233,2pcdm,22
33.3,36.4,30.3,27.6,16.3,21.4,1.0,19.2,41.4,72.7,99.0,6.1,22.2,49.5,75.8,98.0,2.0,30.3,51.5,68.7,100.0,99,1plc,23
35.0,30.1,35.0,20.5,23.8,20.5,2.4,18.7,52.8,70.7,99.2,3.3,22.0,40.7,64.2,97.6,0.8,30.1,54.5,81.3,100.0,123,1pmy,23
33.3,36.2,30.5,26.0,24.0,22.1,4.8,26.7,52.4,76.2,99.0,2.9,13.3,47.6,73.3,95.2,1.0,27.6,46.7,71.4,100.0,105,1aaj,23
31.8,34.9,33.3,25.0,23.4,27.3,2.3,22.5,49.6,76.7,98.4,0.8,33.3,58.1,77.5,99.2,1.6,17.8,40.3,61.2,100.0,129,2azaa,23
34.9,34.9,30.2,18.8,25.9,23.5,1.2,24.4,45.3,77.9,100.0,2.3,19.8,52.3,70.9,98.8,4.7,17.4,41.9,68.6,97.7,86,1cbp,23
34.9,34.1,31.0,18.8,25.0,22.7,2.3,18.6,45.0,70.5,93.8,0.8,31.0,57.4,76.7,97.7,1.6,17.1,42.6,74.4,100.0,129,1aoza1,23
32.5,37.3,30.1,23.1,23.1,23.6,1.0,20.6,46.9,65.6,98.1,0.5,32.5,58.4,78.9,99.5,1.4,18.7,42.1,69.9,100.0,209,1aoza2,23
36.0,30.8,33.2,23.0,26.8,20.2,1.4,20.6,46.3,72.4,97.2,0.5,25.7,57.0,77.6,100.0,1.9,24.8,46.7,66.8,99.5,214,1aoza3,23
34.0,33.3,32.7,19.6,25.9,18.4,1.3,22.6,46.5,78.0,97.5,1.9,30.8,59.7,74.8,96.9,0.6,24.5,45.3,70.4,100.0,159,1nrd1,23
29.8,38.2,32.1,21.5,21.5,23.8,2.3,20.6,45.0,72.5,94.7,0.8,23.7,49.6,70.2,99.2,1.5,22.9,51.1,79.4,100.0,131,1htp,24
37.5,28.8,33.8,20.3,29.1,19.0,2.5,23.8,47.5,72.5,100.0,1.2,20.0,62.5,83.8,98.8,3.8,18.8,38.8,52.5,95.0,80,1lac,24
34.8,33.5,31.6,26.1,22.3,23.6,1.9,22.8,48.7,72.2,99.4,1.3,24.7,46.2,73.4,92.4,0.6,21.5,53.2,74.7,100.0,158,1gpr,24
30.4,45.5,24.1,28.8,16.2,11.7,4.5,26.8,43.8,68.8,96.4,0.9,21.4,56.2,78.6,99.1,5.4,24.1,35.7,73.2,100.0,112,1cgt4,25
31.4,46.1,22.5,35.6,10.9,18.8,5.9,22.5,53.9,78.4,100.0,1.0,28.4,51.0,72.5,97.1,2.0,15.7,30.4,61.8,98.0,102,6taa2,25
30.1,39.8,30.1,25.0,16.3,26.1,4.3,26.9,50.5,69.9,94.6,1.1,24.7,49.5,76.3,98.9,2.2,20.4,35.5,75.3,100.0,93,1ppi2,25
28.8,47.5,23.7,29.3,13.8,29.3,10.2,25.4,45.8,67.8,100.0,3.4,22.0,42.4,71.2,91.5,1.7,15.3,55.9,79.7,96.6,59,1amg2,25
35.7,26.8,37.5,14.5,32.7,25.5,10.7,28.6,46.4,67.9,96.4,7.1,23.2,53.6,73.2,92.9,1.8,12.5,37.5,64.3,100.0,56,1amy2,25
33.9,33.6,32.5,21.9,25.2,19.3,0.5,23.8,50.4,75.8,99.5,0.9,22.4,46.8,72.0,100.0,0.2,28.2,49.9,76.7,98.8,425,2bpa1,26
38.3,36.6,25.1,23.6,20.7,17.8,0.6,26.9,52.6,80.6,99.4,2.3,21.1,43.4,65.1,98.9,1.7,28.6,49.1,76.6,100.0,175,2bpa2,26
33.7,33.2,33.2,20.2,26.8,19.1,1.1,30.4,54.3,75.0,98.4,0.5,23.4,52.7,81.0,100.0,1.6,20.7,40.8,64.1,99.5,184,2stv,26
37.2,40.7,22.1,34.8,21.2,17.2,1.5,19.1,43.2,72.4,100.0,0.5,26.6,49.7,74.9,98.5,2.0,35.7,56.3,71.9,99.5,199,4sbva,26
35.6,40.8,23.6,29.0,17.7,17.3,0.7,22.5,49.3,77.1,99.6,0.4,26.8,56.0,76.1,98.6,2.5,21.8,40.8,62.0,100.0,284,2tbva,26
33.6,42.1,24.3,30.9,19.7,19.4,1.9,26.8,50.5,76.6,98.8,0.3,24.9,48.6,73.8,99.4,0.6,18.1,48.9,75.1,100.0,321,2bbvc,26
30.6,37.6,31.7,22.2,21.1,22.2,5.9,27.4,46.2,73.7,98.9,0.5,23.1,52.2,73.1,100.0,3.2,20.4,45.7,76.3,97.8,186,1bbt1,26
36.1,35.1,28.8,26.0,22.5,20.1,0.5,30.2,53.7,74.1,98.0,1.5,15.6,41.0,72.2,99.0,2.4,25.4,49.8,75.1,100.0,205,1bbt2,26
32.1,35.4,32.5,21.2,24.3,23.9,0.4,20.6,45.8,77.9,100.0,0.2,27.7,49.5,68.6,99.3,1.8,23.7,52.0,77.2,99.6,548,2cas,26
31.9,34.8,33.3,22.4,22.1,22.8,0.7,27.1,49.5,73.6,100.0,0.4,16.8,46.9,69.2,99.6,3.7,27.5,52.4,79.5,99.3,273,4rhv1,26
36.1,37.3,26.7,28.7,18.5,21.3,0.8,28.6,52.2,76.1,99.2,0.4,23.9,51.4,80.0,99.6,1.6,19.6,43.5,65.5,100.0,255,4rhv2,26
35.6,38.6,25.8,25.5,18.7,18.3,0.8,29.2,51.7,78.8,99.2,0.4,21.6,52.1,75.4,99.6,5.1,21.2,35.6,65.3,100.0,236,4rhv3,26
32.8,39.9,27.2,23.6,17.6,22.1,0.7,28.7,52.6,77.6,99.6,0.4,22.0,51.1,71.6,100.0,1.1,23.1,41.0,75.7,99.3,268,2mev1,26
32.5,36.5,30.9,25.4,22.2,18.1,1.2,29.3,49.4,75.5,98.8,1.6,18.5,49.8,79.1,99.2,0.4,21.7,45.4,65.9,100.0,249,2mev2,26
35.9,44.2,19.9,36.5,14.8,17.0,1.3,23.4,47.6,73.6,98.7,0.4,25.5,52.8,75.8,99.6,3.5,21.2,44.6,73.2,100.0,231,2mev3,26
34.8,39.1,26.1,24.4,20.0,15.6,15.2,26.1,52.2,80.4,97.8,2.2,10.9,65.2,78.3,100.0,6.5,21.7,37.0,50.0,67.4,46,1fod4,26
37.6,24.7,37.6,17.9,32.1,25.0,3.5,25.9,49.4,72.9,95.3,1.2,22.4,40.0,70.6,100.0,2.4,24.7,55.3,75.3,98.8,85,4gcr1,27
34.0,31.0,35.0,26.3,25.3,18.2,1.0,19.0,51.0,75.0,97.0,2.0,25.0,45.0,69.0,93.0,3.0,18.0,54.0,76.0,100.0,100,1prs1,27
40.3,29.8,29.8,22.8,28.5,22.8,1.6,22.6,61.3,79.0,100.0,3.2,25.0,43.5,59.7,99.2,0.8,21.8,41.9,68.5,98.4,124,2sblb1,28
37.5,28.6,33.9,18.9,30.6,22.5,1.8,20.5,55.4,75.0,100.0,6.2,22.3,42.0,72.3,99.1,0.9,25.9,45.5,68.8,92.9,112,1lpbb2,28
26.0,42.7,31.3,23.5,15.4,30.2,3.3,26.0,54.0,77.3,97.3,0.7,22.0,50.7,73.3,100.0,7.3,22.7,44.0,72.0,98.0,150,1gof3,29
35.4,37.5,27.1,26.6,26.6,15.4,0.7,19.4,51.4,76.4,100.0,4.9,24.3,48.6,72.2,99.3,2.1,22.2,46.5,71.5,97.2,144,1dlc3,29
32.4,37.5,30.1,28.0,19.4,25.7,0.6,25.6,46.0,75.0,98.9,1.1,22.2,47.2,69.3,99.4,2.8,26.1,58.0,74.4,100.0,176,1lena,30
33.6,36.9,29.4,22.5,27.2,20.7,2.8,28.5,51.9,74.8,98.6,0.9,23.4,45.3,75.7,99.5,0.5,20.6,49.1,71.0,100.0,214,2ayh,30
35.3,29.3,35.3,18.2,32.6,22.7,0.8,22.6,50.4,77.4,99.2,1.5,19.5,49.6,69.9,98.5,5.3,26.3,45.1,73.7,100.0,133,1slta,30
39.7,29.4,30.9,22.7,22.2,20.7,2.0,24.5,51.0,77.9,100.0,1.0,23.5,50.0,73.0,98.0,0.5,22.1,42.6,70.1,97.5,204,1saca,30
28.8,44.5,26.5,25.6,16.9,24.2,0.9,25.3,48.4,71.7,98.2,0.5,22.8,51.2,78.1,100.0,1.6,26.3,49.3,72.6,99.3,434,1cela,30
30.3,44.9,24.9,24.5,19.6,25.0,2.7,25.9,43.8,70.8,100.0,0.5,23.8,49.7,74.6,98.9,2.2,21.6,54.6,73.5,97.8,185,1xnb,30
38.3,38.3,23.4,28.3,23.9,10.9,6.4,19.1,40.4,76.6,95.7,2.1,21.3,55.3,68.1,100.0,12.8,14.9,36.2,72.3,93.6,47,1lobd,30
33.9,33.9,32.2,20.7,22.4,27.6,1.7,11.9,44.1,71.2,98.3,3.4,32.2,66.1,79.7,96.6,15.3,25.4,40.7,59.3,100.0,59,1shfa,31
36.8,21.1,42.1,16.1,30.4,12.5,5.3,14.0,45.6,68.4,98.2,10.5,26.3,47.4,80.7,89.5,1.8,22.8,52.6,73.7,100.0,57,1shg,31
31.6,28.9,39.5,22.7,25.3,22.7,3.9,25.0,44.7,69.7,97.4,2.6,42.1,59.2,78.9,98.7,1.3,18.4,39.5,64.5,100.0,76,1pkt,31
32.4,26.8,40.8,15.7,27.1,17.1,7.0,18.3,43.7,74.6,95.8,1.4,5.6,39.4,66.2,94.4,8.5,28.2,50.7,71.8,100.0,71,2hsp,31
32.8,29.3,37.9,19.3,22.8,24.6,6.9,17.2,44.8,65.5,94.8,1.7,20.7,39.7,60.3,89.7,5.2,25.9,58.6,74.1,100.0,58,1cska,31
34.5,24.1,41.4,15.8,26.3,26.3,6.9,19.0,50.0,82.8,98.3,3.4,22.4,41.4,69.0,96.6,1.7,24.1,53.4,70.7,100.0,58,1sema,31
36.2,31.9,31.9,22.1,27.9,13.2,2.9,24.6,47.8,62.3,98.6,1.4,27.5,44.9,73.9,100.0,4.3,17.4,56.5,81.2,95.7,69,1pse,31
29.0,27.4,43.5,14.8,31.1,19.7,4.8,22.6,40.3,53.2,93.5,1.6,27.4,58.1,66.1,82.3,6.5,19.4,43.5,79.0,100.0,62,1sso,31
33.0,30.1,36.9,23.5,23.5,22.5,4.9,23.3,46.6,73.8,98.1,1.0,18.4,43.7,72.8,97.1,2.9,22.3,55.3,70.9,100.0,103,1ltsd,32
34.8,31.9,33.3,26.5,26.5,19.1,5.8,29.0,52.2,72.5,98.6,1.4,17.4,60.9,73.9,92.8,4.3,21.7,39.1,63.8,100.0,69,1bova,32
38.2,35.5,26.4,23.9,21.1,17.4,1.8,30.0,57.3,70.9,100.0,0.9,17.3,40.0,81.8,98.2,3.6,24.5,49.1,72.7,94.5,110,1prtc2,32
39.1,34.5,26.4,22.0,23.9,15.6,1.8,16.4,46.4,72.7,99.1,2.7,23.6,40.0,63.6,100.0,0.9,32.7,59.1,78.2,98.2,110,1prtd,32
37.8,33.7,28.6,30.9,21.6,16.5,1.0,25.5,52.0,72.4,99.0,2.0,32.7,55.1,73.5,96.9,4.1,19.4,43.9,69.4,100.0,98,1prtf,32
29.4,28.7,41.9,16.3,22.2,30.4,1.5,21.3,49.3,72.1,99.3,4.4,20.6,40.4,71.3,100.0,0.7,29.4,51.5,77.2,97.8,136,1kab,32
28.0,37.6,34.4,19.6,19.6,27.2,6.5,21.5,47.3,60.2,94.6,1.1,22.6,51.6,74.2,97.8,3.2,23.7,62.4,76.3,100.0,93,1tssa1,32
30.7,28.5,40.9,16.9,25.0,24.3,5.8,31.4,59.9,75.9,100.0,2.2,25.5,49.6,75.2,99.3,0.7,19.0,38.0,68.6,98.5,137,1asza1,32
31.1,31.1,37.9,21.5,24.7,26.2,0.7,21.1,47.5,67.9,100.0,0.4,30.0,53.6,83.6,97.9,1.8,22.5,47.9,71.4,98.9,280,1pyp,32
34.9,29.1,36.0,20.1,28.2,21.8,1.1,22.9,41.1,68.6,96.6,0.6,21.7,44.6,63.4,98.3,2.3,24.6,62.9,81.1,100.0,175,1igp,32
31.3,29.9,38.8,16.7,27.3,33.3,1.5,13.4,38.8,56.7,94.0,6.0,32.8,59.7,85.1,100.0,4.5,19.4,50.7,74.6,98.5,67,1csp,32
37.6,32.9,29.4,26.2,27.4,17.9,1.2,36.5,51.8,78.8,97.6,8.2,20.0,55.3,71.8,100.0,2.4,17.6,35.3,58.8,95.3,85,1bgh,32
34.6,21.0,44.4,16.2,28.8,21.2,4.9,22.2,43.2,72.8,98.8,8.6,23.5,46.9,75.3,97.5,1.2,28.4,51.9,70.4,100.0,81,1rip,32
33.9,30.7,35.4,18.3,17.5,28.6,2.4,16.5,48.8,76.4,100.0,0.8,18.9,44.1,73.2,99.2,1.6,24.4,55.1,72.4,92.9,127,1bara,33
34.9,24.7,40.4,17.9,29.7,20.7,1.4,24.7,45.9,72.6,100.0,8.9,32.2,50.7,81.5,99.3,0.7,19.2,48.6,70.5,98.6,146,8i1b,33
35.9,29.6,34.5,20.6,24.8,19.9,2.1,19.7,42.3,78.9,99.3,0.7,33.8,64.8,76.1,96.5,1.4,20.4,47.2,62.0,100.0,142,1ilr1,33
37.9,29.7,32.4,16.0,27.1,20.1,1.4,17.2,46.9,75.9,99.3,13.1,33.8,58.6,77.9,95.9,0.7,17.9,44.8,66.9,100.0,145,2ila,33
35.7,32.9,31.4,19.4,21.6,20.9,0.7,20.7,49.3,69.3,97.1,3.6,39.3,61.4,80.7,99.3,2.1,22.1,36.4,70.7,100.0,140,1abrb1,33
36.2,32.3,31.5,22.2,15.1,20.6,3.9,22.8,56.7,77.2,100.0,1.6,16.5,44.9,68.5,98.4,0.8,26.8,46.5,67.7,95.3,127,1abrb2,33
34.9,30.1,34.9,24.8,23.0,20.0,0.6,23.5,53.0,75.3,97.6,3.0,20.5,41.0,60.2,95.8,2.4,29.5,60.8,79.5,100.0,166,1tie,33
24.6,27.1,48.3,14.5,19.7,29.9,0.8,30.5,51.7,70.3,100.0,1.7,16.9,42.4,71.2,94.9,2.5,24.6,50.0,75.4,97.5,118,1hce,33
30.9,34.6,34.6,22.2,19.3,29.6,3.7,22.1,55.9,74.3,97.8,1.5,25.7,50.7,75.7,98.5,0.7,19.9,46.3,72.1,100.0,136,1fnc1,34
40.4,28.9,30.7,23.9,29.2,15.9,2.6,26.3,47.4,71.1,97.4,0.9,28.1,49.1,77.2,99.1,1.8,14.0,45.6,68.4,100.0,114,2cnd1,34
26.2,37.9,35.9,25.5,15.7,26.5,7.8,22.3,45.6,68.9,97.1,1.0,28.2,44.7,76.7,98.1,3.9,20.4,53.4,72.8,100.0,103,2pia1,34
32.0,34.0,34.0,26.3,22.2,20.2,2.0,17.0,44.0,74.0,98.0,1.0,24.0,50.0,75.0,100.0,3.0,29.0,51.0,72.0,94.0,100,1eft2,34
32.2,36.4,31.4,22.5,22.5,23.3,1.7,26.4,43.8,76.0,99.2,0.8,20.7,43.0,74.4,98.3,2.5,27.3,59.5,71.1,100.0,121,1efg2,34
25.5,49.0,25.5,19.8,16.0,19.1,0.8,19.4,44.5,69.2,99.2,0.4,29.7,54.4,76.0,100.0,2.7,21.3,48.7,69.6,99.6,263,1arb,35
27.6,53.6,18.8,28.9,12.2,20.0,0.6,22.7,49.2,71.8,100.0,1.1,24.3,53.6,77.3,98.9,2.8,25.4,41.4,61.3,94.5,181,2sga,35
28.8,49.5,21.7,31.0,11.7,24.9,1.5,20.2,43.4,74.2,99.0,0.5,24.2,49.0,72.7,100.0,1.0,28.8,55.6,78.3,96.0,198,2alp,35
39.5,41.9,18.6,31.0,19.0,16.7,2.3,16.3,41.9,69.8,97.7,7.0,18.6,46.5,62.8,90.7,23.3,34.9,53.5,76.7,100.0,43,1epta,35
27.8,30.6,41.7,20.0,20.0,28.6,5.6,25.0,41.7,77.8,91.7,2.8,8.3,19.4,52.8,97.2,16.7,33.3,58.3,72.2,100.0,36,1ppbl,35
29.8,37.7,32.5,23.3,22.7,30.0,1.3,19.2,39.7,70.2,100.0,6.6,31.8,58.3,79.5,98.0,0.7,18.5,41.7,68.9,99.3,151,2snv,35
37.3,26.9,35.8,22.7,28.8,15.2,4.5,16.4,41.8,64.2,98.5,6.0,49.3,74.6,85.1,100.0,1.5,20.9,34.3,61.2,92.5,67,2hnte,35
33.6,37.5,28.9,21.9,19.2,24.5,3.9,24.3,49.3,75.0,97.4,0.7,26.3,52.6,73.7,100.0,1.3,19.1,41.4,67.8,99.3,152,2kaib,35
36.7,30.3,33.0,20.4,27.8,20.4,1.8,20.2,55.0,79.8,98.2,0.9,23.9,44.0,58.7,100.0,3.7,27.5,49.5,77.1,97.2,109,1bbre,35
39.4,32.3,28.3,26.5,27.6,15.3,3.0,22.2,50.5,75.8,100.0,1.0,26.3,44.4,77.8,97.0,2.0,25.3,55.6,69.7,99.0,99,2hpea,36
38.9,31.0,30.1,29.5,18.8,17.0,0.9,27.4,53.1,77.0,100.0,1.8,21.2,45.1,73.5,98.2,5.3,20.4,46.9,67.3,99.1,113,2rspb,36
30.3,53.3,16.4,32.2,12.2,16.1,3.0,29.1,55.5,78.5,99.1,0.3,24.2,50.6,74.5,99.7,3.3,17.0,42.4,59.4,100.0,330,2er7e,36
38.1,21.4,40.5,19.5,39.0,19.5,2.4,14.3,50.0,73.8,100.0,11.9,26.2,47.6,66.7,95.2,7.1,23.8,42.9,69.0,97.6,42,1htrp,36
34.2,38.9,26.9,24.7,18.5,21.1,0.8,25.8,52.4,78.7,99.2,0.3,23.0,47.9,71.4,98.9,1.1,24.9,48.5,75.6,100.0,357,1mpp,36
23.4,34.0,42.6,15.2,15.2,34.8,14.9,19.1,59.6,85.1,95.7,2.1,17.0,42.6,55.3,83.0,4.3,25.5,51.1,76.6,100.0,47,1hrnb,36
30.6,40.2,29.2,27.9,21.2,18.3,3.8,25.8,49.8,76.1,99.5,0.5,25.4,46.4,67.0,100.0,1.0,20.1,55.0,80.4,99.0,209,1eng,37
30.4,37.6,32.0,21.0,29.0,22.6,4.8,24.8,53.6,78.4,98.4,2.4,23.2,43.2,60.0,89.6,0.8,15.2,56.8,82.4,100.0,125,1bw4,37
38.4,20.5,41.1,18.0,27.0,12.6,0.9,20.5,43.8,70.5,100.0,5.4,17.0,53.6,81.2,97.3,3.6,33.0,50.0,72.3,99.1,112,1dyna,38
34.5,23.9,41.6,15.2,23.2,17.0,0.9,21.2,42.5,70.8,93.8,2.7,20.4,46.0,63.7,92.9,1.8,27.4,57.5,83.2,100.0,113,1pls,38
34.7,27.3,38.1,20.6,27.4,18.9,2.3,25.6,51.7,73.3,98.9,4.0,26.1,47.2,73.9,100.0,0.6,21.6,46.6,74.4,99.4,176,1hbq,39
36.4,27.7,35.8,20.3,27.3,22.7,1.2,24.3,50.9,74.6,99.4,3.5,26.0,45.7,79.8,97.7,0.6,21.4,49.7,70.5,100.0,173,1bbpa,39
36.6,31.7,31.7,22.7,23.9,16.6,1.2,23.8,49.4,71.3,96.3,0.6,23.2,48.2,72.0,100.0,2.4,26.8,51.2,76.8,99.4,164,1epab,39
33.1,23.6,43.3,16.7,28.8,21.8,6.4,28.7,52.2,74.5,100.0,1.9,16.6,49.7,70.7,98.1,0.6,21.7,46.5,77.7,99.4,157,1mup,39
33.6,24.4,42.0,22.3,33.1,15.4,1.5,22.9,48.9,73.3,97.7,0.8,31.3,55.7,69.5,94.7,2.3,20.6,42.7,74.8,100.0,131,1ifc,39
35.1,29.8,35.1,22.3,27.7,18.5,0.8,19.1,47.3,70.2,97.7,2.3,22.1,42.7,68.7,100.0,1.5,28.2,55.0,76.3,99.2,131,1lid,39
30.5,37.4,32.1,22.3,20.8,25.4,1.5,18.3,55.0,76.3,98.5,0.8,29.0,44.3,69.5,100.0,3.8,21.4,48.9,74.0,99.2,131,1mdc,39
34.3,27.7,38.0,14.7,29.4,22.8,2.2,19.0,47.4,73.0,98.5,0.7,26.3,43.8,75.9,95.6,1.5,27.7,52.6,71.5,100.0,137,1cbs,39
33.6,30.4,36.0,20.2,31.5,23.4,0.8,24.8,55.2,78.4,100.0,4.0,23.2,47.2,68.0,93.6,1.6,19.2,44.0,69.6,99.2,125,2phy,39
26.7,50.9,22.4,24.3,13.0,23.5,2.6,14.7,48.3,75.0,100.0,0.9,20.7,44.8,70.7,98.3,7.8,31.9,57.8,75.9,99.1,116,1srga,40
30.1,38.2,31.7,24.6,23.0,22.1,1.6,25.2,56.9,77.2,98.4,2.4,20.3,37.4,61.0,100.0,0.8,32.5,48.0,74.8,99.2,123,1avda,40
31.7,34.8,33.5,20.2,20.9,26.4,0.6,21.3,47.6,73.8,99.4,1.8,24.4,45.1,66.5,98.2,1.2,25.6,51.2,79.3,100.0,164,2cpl,41
30.7,33.7,35.5,20.0,21.2,22.4,4.2,21.7,53.0,77.7,99.4,0.6,26.5,51.8,74.1,100.0,1.2,22.3,45.8,69.3,98.2,166,1clh,41
31.5,34.6,33.9,21.3,19.7,22.1,0.5,28.1,50.9,76.6,99.7,0.3,18.9,46.7,73.8,99.5,0.8,25.2,50.7,76.1,100.0,381,2sil,42
33.5,33.8,32.7,21.2,20.2,22.2,0.3,24.2,48.2,76.3,100.0,1.8,25.5,48.7,76.0,99.7,0.5,22.4,50.5,71.4,99.0,388,1ivd,42
32.8,35.4,31.8,24.4,21.6,23.9,1.0,25.9,50.0,78.2,100.0,0.5,24.1,49.5,73.3,99.7,0.3,23.6,49.7,71.5,99.2,390,1nsca,42
30.0,44.7,25.3,24.1,12.4,24.6,0.3,23.5,50.6,78.3,99.2,0.5,21.2,44.7,70.5,99.7,1.3,29.7,55.3,79.6,100.0,387,1gof2,42
32.7,35.2,32.1,19.5,20.6,25.4,1.4,24.8,45.6,74.1,99.7,0.8,23.9,47.3,69.0,100.0,0.3,26.2,56.1,77.5,99.4,355,2bbkh,42
32.6,37.0,30.5,24.6,21.6,21.1,0.7,25.9,53.2,75.7,100.0,0.4,26.1,48.3,76.7,99.8,0.2,22.1,48.5,68.0,98.2,571,3aaha,42
35.7,34.8,29.5,26.0,22.9,19.3,2.7,25.9,51.8,77.7,100.0,0.4,25.0,47.3,70.5,99.6,2.2,21.0,48.7,71.9,97.8,224,2ohxa1,43
31.6,38.8,29.6,23.1,19.0,19.0,2.0,25.5,51.5,70.9,99.5,0.5,27.6,46.9,71.4,100.0,1.5,16.8,50.5,77.0,96.4,196,1qora1,43
34.4,35.0,30.7,26.5,22.8,22.8,3.1,26.4,47.9,75.5,99.4,1.2,21.5,46.0,68.1,93.9,0.6,23.9,57.1,80.4,100.0,163,1vmoa,44
33.3,32.9,33.8,23.0,23.4,23.9,0.5,21.4,47.6,75.7,99.5,1.4,31.4,53.8,74.8,99.0,1.9,21.9,48.6,72.9,100.0,210,1dlc2,44
29.3,39.2,31.5,23.2,21.2,24.6,0.6,30.1,53.2,74.1,100.0,0.3,18.3,45.9,76.9,99.4,0.8,26.8,48.5,68.5,99.7,355,1pcl,45
36.1,24.4,39.4,15.1,25.1,20.7,2.8,25.0,43.3,72.8,98.9,2.2,33.3,55.6,77.8,99.4,0.6,18.9,46.1,71.7,100.0,180,1caua,45
32.6,27.7,39.7,19.1,24.6,20.8,1.1,24.5,47.8,69.0,97.3,0.5,27.7,53.3,69.6,99.5,2.7,21.7,46.7,77.7,100.0,184,1caub,45
37.2,27.0,35.8,18.4,25.7,24.3,0.7,28.5,46.7,76.6,100.0,2.2,19.7,45.3,66.4,98.5,2.9,24.8,49.6,73.7,97.1,137,3gapb1,45
31.3,29.9,38.8,16.7,25.8,31.8,3.0,11.9,37.3,61.2,94.0,10.4,29.9,58.2,77.6,97.0,1.5,28.4,47.8,73.1,100.0,67,1wapb,45
32.1,33.9,33.9,23.0,22.0,21.5,1.6,22.7,50.7,73.1,99.5,0.5,23.8,45.2,72.3,99.7,0.3,27.2,52.5,77.0,100.0,383,1cgt3,46
36.0,33.7,30.3,24.4,21.0,17.0,1.7,26.6,51.6,72.2,99.7,0.3,19.0,47.3,75.6,100.0,1.4,26.3,50.1,76.5,97.7,353,6taa1,46
36.1,30.8,33.1,20.7,27.7,16.7,0.5,24.4,50.2,77.6,99.8,0.7,26.4,47.3,70.9,94.3,0.2,22.9,51.7,75.1,100.0,402,1ppi1,46
31.1,33.1,35.9,18.5,25.0,21.9,2.8,24.9,53.2,76.8,100.0,0.8,21.0,46.5,74.2,99.7,0.3,25.8,49.3,73.7,98.9,357,1amg1,46
33.2,33.2,33.5,19.1,24.1,22.6,0.6,22.3,50.0,76.0,100.0,1.7,23.4,50.6,74.6,99.7,0.3,26.6,47.7,72.0,99.4,346,1amy1,46
36.5,28.4,35.1,20.0,28.6,21.1,0.6,18.6,43.5,73.1,99.8,0.2,29.2,50.6,76.5,99.0,0.4,26.3,52.2,75.3,100.0,490,1byb,46
31.7,41.5,26.8,25.9,18.0,17.4,0.3,19.3,46.7,68.6,100.0,0.7,29.4,51.6,75.8,98.4,3.3,24.2,50.3,82.0,99.7,306,1ghsa,46
31.9,33.9,34.2,23.0,23.5,23.5,0.6,24.1,56.2,76.2,99.7,0.3,20.0,42.9,71.0,100.0,2.0,29.3,51.9,74.8,99.1,345,1xys,46
34.3,28.0,37.7,19.1,26.7,21.2,1.4,23.5,49.8,76.5,99.3,0.3,18.3,47.1,77.2,100.0,0.7,26.0,51.9,71.6,98.6,289,1nar,46
33.0,35.1,31.9,22.2,21.8,22.5,2.1,22.8,49.1,74.7,100.0,0.4,33.3,54.4,74.4,98.9,1.1,20.7,40.7,73.7,99.6,285,2ebn,46
33.7,32.7,33.7,24.4,24.4,20.5,1.9,23.3,49.2,74.8,99.4,0.3,25.2,49.5,75.4,100.0,0.6,24.6,49.8,72.2,98.4,309,1ctn2,46
35.0,27.5,37.5,21.0,29.0,20.1,1.1,22.6,45.8,71.6,99.7,0.3,21.5,51.6,74.5,95.4,1.4,28.1,53.3,80.5,100.0,349,1add,46
31.4,38.2,30.4,25.8,21.9,22.9,0.5,26.0,50.1,76.4,100.0,0.3,19.0,41.6,72.5,98.4,0.8,30.4,54.5,75.3,99.0,385,2kauc2,46
30.6,35.6,33.9,23.1,18.4,22.3,0.8,25.8,47.2,70.8,100.0,0.3,28.1,58.6,80.3,99.7,1.4,20.0,44.7,68.1,99.4,360,1fbaa,46
37.1,27.6,35.2,22.3,28.3,15.6,1.3,24.8,48.3,74.0,100.0,0.3,25.7,49.8,73.3,98.4,1.0,22.2,50.8,75.9,99.7,315,1ads,46
29.4,38.5,32.2,21.8,20.4,26.1,1.4,21.0,47.6,65.7,95.1,0.7,24.5,51.7,79.7,100.0,2.8,30.1,48.3,70.6,97.9,143,4enl1,46
34.4,34.8,30.8,29.6,24.8,17.7,0.9,26.4,54.2,76.7,100.0,0.4,21.6,55.5,75.8,98.2,1.3,22.9,43.2,68.7,98.7,227,2mnr2,46
33.6,34.8,31.6,32.1,23.9,14.8,0.8,26.6,52.9,76.2,99.6,0.4,25.8,55.7,73.4,100.0,1.2,19.3,41.0,63.5,99.2,244,1chra2,46
32.3,31.3,36.3,20.9,22.4,25.1,0.5,25.1,50.6,77.9,99.2,0.3,21.6,48.4,69.9,99.0,1.0,26.3,47.9,75.4,100.0,399,1oyb,46
35.7,35.4,28.9,26.6,22.3,16.9,0.3,21.4,50.9,74.3,99.7,1.1,27.1,50.0,74.0,99.1,0.6,23.1,47.7,74.6,100.0,350,1gox,46
32.1,32.9,35.0,20.6,24.8,26.3,2.4,29.1,52.6,75.3,99.7,0.3,22.1,46.5,73.2,99.1,0.6,22.4,46.8,72.9,100.0,340,2tmda1,46
35.7,29.4,34.9,23.5,22.7,18.7,0.4,29.0,49.2,71.8,100.0,1.2,23.0,43.7,76.2,98.4,0.8,22.2,52.4,75.0,99.6,252,1pii1,46
35.1,35.9,29.0,26.7,21.5,15.0,0.4,24.6,46.4,70.2,98.8,3.6,25.8,54.0,80.2,100.0,0.8,19.8,47.2,71.8,99.2,248,1wsya,46
30.8,37.5,31.7,22.3,25.2,27.2,1.0,20.2,47.1,73.1,96.2,2.9,27.9,46.2,78.8,100.0,1.9,19.2,49.0,69.2,99.0,104,1pkn1,46
34.7,30.6,34.7,23.2,23.8,20.1,0.3,24.4,50.6,74.1,100.0,0.9,26.6,53.1,76.2,97.2,0.6,21.2,48.4,68.8,99.1,320,3rub2,46
30.2,39.9,29.9,25.8,17.1,24.8,1.3,21.5,47.3,74.0,100.0,0.3,27.3,51.4,74.3,99.7,1.6,25.4,47.6,75.6,98.7,311,5rub2,46
32.2,33.9,33.9,21.3,20.5,23.8,1.2,22.9,48.2,73.9,98.4,2.4,24.5,48.6,76.3,99.2,0.4,22.4,51.8,74.3,100.0,245,1tph1,46
30.8,35.9,33.3,23.7,22.4,24.2,0.3,23.4,49.4,72.3,99.2,0.8,22.4,47.6,75.1,99.7,0.5,27.2,51.7,74.6,100.0,393,4xiaa,46
36.4,23.7,39.9,17.2,30.0,18.1,0.4,19.7,46.9,72.8,99.6,0.9,21.1,39.0,67.5,91.7,1.3,25.9,54.8,81.6,100.0,228,1nfp,46
32.7,32.1,35.3,18.1,25.8,23.2,1.3,28.2,50.6,72.4,97.4,2.6,17.3,41.0,78.2,98.7,0.6,22.4,53.8,73.1,100.0,156,2tmda2,47
32.7,38.6,28.6,25.7,18.4,21.7,0.5,24.1,50.3,76.5,100.0,0.3,22.7,50.0,73.8,99.5,1.1,25.7,47.3,71.9,99.7,370,3cox1,47
34.3,31.8,33.9,20.8,24.7,20.8,0.3,21.1,51.2,77.2,99.7,1.0,27.0,54.0,71.3,99.3,0.7,24.9,47.1,73.7,100.0,289,1pbe1,47
30.1,39.8,30.1,25.2,18.1,24.9,0.6,23.0,52.5,78.0,100.0,0.3,22.7,47.5,73.9,99.7,0.9,27.0,49.4,70.8,98.4,322,1gal1,47
30.0,38.9,31.1,15.9,23.8,21.7,4.2,25.8,49.5,73.2,100.0,0.5,18.4,53.2,77.4,99.5,2.1,30.0,47.4,70.0,98.9,190,1trb1,47
31.7,36.7,31.7,25.1,20.1,22.2,1.7,23.8,49.6,74.2,96.7,0.4,20.8,48.3,72.9,99.6,0.8,29.2,51.2,75.0,100.0,240,2tpra1,47
32.5,31.6,35.9,16.4,23.3,29.3,4.3,21.4,44.4,68.4,99.1,1.7,23.1,43.6,74.4,100.0,0.9,28.2,56.4,71.8,94.0,117,2tpra2,47
32.8,38.4,28.8,23.7,19.3,21.5,1.7,23.1,47.6,76.4,99.6,0.4,22.7,49.3,73.4,98.7,0.9,28.4,51.5,74.2,100.0,229,3lada1,47
35.3,32.8,31.9,24.6,24.6,16.1,3.4,23.5,45.4,68.9,99.2,0.8,19.3,38.7,70.6,100.0,4.2,30.3,57.1,78.2,95.0,119,3lada2,47
31.7,38.2,30.1,20.0,21.1,22.7,2.7,22.6,51.1,72.6,97.8,0.5,18.8,48.9,76.9,98.9,1.6,29.0,47.3,73.1,100.0,186,1fcda1,47
30.5,39.0,30.5,19.3,20.7,25.0,1.4,27.0,51.8,80.1,98.6,0.7,23.4,39.7,69.5,100.0,2.8,18.4,49.6,73.8,97.2,141,1fcda2,47
35.9,29.7,34.4,20.5,27.6,15.0,3.9,18.8,46.1,66.4,100.0,0.8,37.5,60.9,78.1,99.2,1.6,19.5,35.9,71.1,97.7,128,3chy,48
37.1,32.3,30.6,26.8,21.1,17.1,0.8,18.5,48.4,70.2,98.4,3.2,25.0,46.8,72.6,96.8,1.6,27.4,54.8,77.4,100.0,124,1ntr,48
29.9,42.5,27.5,26.5,16.9,24.1,1.2,22.2,43.7,67.1,99.4,1.8,23.4,53.3,76.0,98.2,0.6,24.6,47.9,73.1,100.0,167,1scua2,48
36.8,34.0,29.2,23.1,27.3,21.0,2.8,21.5,49.3,67.4,97.9,0.7,25.0,47.9,78.5,99.3,2.1,26.4,47.2,75.7,100.0,144,1scub2,48
32.4,34.1,33.5,23.8,23.3,23.8,1.2,27.7,51.4,79.2,100.0,1.7,16.2,38.2,69.4,99.4,0.6,26.0,55.5,75.1,98.3,173,2fcr,48
32.0,36.1,32.0,23.3,21.2,24.0,2.7,30.6,48.3,70.7,100.0,0.7,17.7,39.5,65.3,99.3,1.4,24.5,53.7,79.6,98.0,147,2fx2,48
37.7,26.1,36.2,19.7,27.0,19.7,0.7,25.4,47.8,74.6,100.0,5.1,18.8,49.3,65.9,98.6,1.4,26.8,51.4,75.4,99.3,138,4fxn,48
34.0,31.4,34.6,20.6,23.2,20.6,5.8,22.4,42.3,67.9,97.4,1.9,33.3,57.1,72.4,99.4,0.6,21.2,50.6,78.2,100.0,156,1bmta2,48
29.1,43.9,27.0,22.6,15.4,24.1,3.6,26.5,50.5,78.1,99.0,1.0,23.0,48.0,71.9,100.0,0.5,25.0,48.5,72.4,99.5,196,1cus,48
31.0,38.9,30.0,21.8,18.8,24.3,1.5,21.7,45.8,70.0,95.1,0.5,25.1,53.7,77.8,99.5,1.0,23.6,44.8,69.5,100.0,203,2nada2,48
31.8,31.8,36.4,25.8,22.7,25.0,3.1,25.6,46.5,64.3,99.2,5.4,21.7,56.6,77.5,100.0,0.8,23.3,45.7,71.3,95.3,129,1gdha1,48
39.4,24.4,36.2,18.2,27.0,14.5,0.6,20.0,48.1,73.8,100.0,2.5,11.9,33.8,63.1,95.0,3.1,37.5,53.8,77.5,98.8,160,1fnc2,49
37.0,27.4,35.6,21.4,23.4,17.9,2.1,23.3,52.7,78.1,100.0,0.7,17.1,58.9,78.8,97.3,4.1,27.4,43.8,67.8,96.6,146,2cnd2,49
33.3,33.3,33.3,21.8,21.8,23.5,1.7,20.0,44.2,77.5,99.2,2.5,20.8,47.5,75.0,96.7,0.8,30.0,53.3,71.7,100.0,120,2pia2,49
34.0,31.2,34.9,22.0,27.1,22.4,0.5,22.8,55.8,76.3,99.5,2.3,28.4,44.7,74.9,100.0,0.9,20.9,47.9,70.7,98.6,215,2ts11,50
35.0,25.7,39.3,20.6,30.9,17.9,0.9,25.7,53.2,73.1,99.1,0.3,24.8,47.1,73.4,97.3,0.6,23.0,48.3,75.5,100.0,331,1gtra1,50
36.7,38.7,24.7,34.2,18.8,18.1,0.7,22.0,52.7,75.3,98.0,1.3,17.3,42.0,74.7,99.3,6.7,34.7,48.0,65.3,100.0,150,2ohxa2,51
33.8,34.6,31.5,22.5,23.3,17.1,0.8,22.3,50.8,76.2,96.9,3.8,23.1,38.5,80.0,100.0,1.5,31.5,49.2,67.7,98.5,130,1qora2,51
31.2,42.7,26.1,27.0,19.8,18.3,1.2,27.7,47.8,72.3,99.2,1.6,24.1,55.3,77.9,99.6,0.4,21.3,39.9,69.2,100.0,253,1hdca,51
32.2,40.3,27.5,25.1,16.2,21.7,2.1,22.0,46.2,74.2,100.0,0.8,28.8,54.7,73.7,99.2,0.4,21.2,41.1,75.4,97.5,236,1dhr,51
33.7,32.8,33.4,22.8,23.1,24.0,0.3,20.4,46.2,70.7,99.4,1.8,27.5,50.6,75.1,99.7,0.6,24.9,52.1,76.9,100.0,338,1udpa,51
35.7,26.8,37.5,19.8,28.7,21.6,1.8,23.8,50.0,77.4,100.0,0.6,24.4,49.4,72.0,95.8,1.2,22.6,46.4,73.2,99.4,168,1hdgo1,51
35.6,31.4,33.0,25.7,25.1,19.8,0.5,18.6,43.6,67.0,98.9,1.1,26.1,55.9,83.0,100.0,2.7,28.7,50.0,71.3,98.4,188,2nada1,51
33.0,38.2,28.8,24.7,18.9,25.3,0.5,21.5,52.4,77.5,98.4,1.0,25.7,48.2,72.3,100.0,3.7,24.1,45.0,73.3,97.9,191,1gdha2,51
35.4,39.5,25.2,29.5,20.5,16.4,0.7,22.4,50.3,76.9,99.3,2.7,19.0,42.9,72.1,100.0,1.4,36.7,58.5,72.8,96.6,147,2cmd1,51
34.8,34.2,31.0,24.7,22.1,22.1,0.6,23.2,41.3,69.7,100.0,1.9,17.4,47.7,74.2,99.4,1.3,31.0,59.4,76.1,97.4,155,1bmda1,51
33.6,37.8,28.7,22.5,19.7,19.7,2.8,27.3,51.7,75.5,97.9,0.7,14.0,44.8,72.0,100.0,2.1,26.6,47.6,69.2,96.5,143,1llda1,51
35.8,30.7,33.5,20.6,21.7,22.3,2.8,17.6,45.5,68.8,98.3,0.6,27.3,58.5,79.0,98.9,1.1,25.0,46.6,66.5,100.0,176,2pgd1,51
35.5,42.1,22.3,28.3,18.3,16.7,1.7,24.8,57.9,76.9,98.3,0.8,25.6,45.5,66.1,100.0,4.1,15.7,44.6,74.4,96.7,121,1scua1,51
32.0,34.9,33.1,24.4,19.6,27.4,2.4,23.7,49.1,72.8,99.4,1.2,28.4,50.3,78.1,100.0,0.6,18.9,44.4,71.6,97.6,169,1pyda3,52
31.7,35.5,32.8,25.8,17.6,26.9,0.5,21.3,53.0,71.0,98.9,1.1,21.9,43.2,71.6,98.4,2.7,26.8,56.3,74.9,100.0,183,1poxa3,52
37.8,35.5,26.7,30.4,25.1,18.1,1.7,20.9,47.1,75.0,100.0,0.6,32.6,50.6,73.8,98.3,1.2,19.8,44.8,70.9,98.8,172,1pyda1,53
34.7,33.2,32.1,23.1,23.1,16.9,2.6,26.0,50.0,70.9,99.5,0.5,20.9,35.2,69.9,100.0,3.1,25.0,59.7,81.1,99.0,196,1pyda2,53
34.5,35.6,29.9,26.6,24.9,14.5,1.7,20.7,50.0,74.7,100.0,0.6,21.3,44.3,70.7,98.3,1.1,27.0,52.9,77.0,99.4,174,1poxa1,53
34.0,28.2,37.8,23.5,29.9,18.2,3.2,28.2,52.1,72.9,98.4,2.1,23.9,42.6,73.4,99.5,0.5,20.7,55.3,75.5,100.0,188,1poxa2,53
31.9,35.8,32.2,26.9,22.8,21.6,0.6,22.4,46.9,72.2,99.1,0.9,23.9,46.0,71.6,99.7,0.3,26.9,56.7,81.2,100.0,335,1trka1,53
29.9,41.6,28.4,26.5,20.4,21.4,0.5,23.4,49.7,69.5,100.0,1.0,24.4,48.7,71.6,99.0,2.0,22.8,49.2,80.2,99.5,197,1trka2,53
30.6,34.4,34.9,18.9,24.3,22.7,2.2,28.0,47.3,67.2,98.4,0.5,17.2,43.0,66.7,98.9,1.1,31.7,58.1,78.5,100.0,186,1gky,54
34.7,26.0,39.3,15.4,28.2,21.0,1.5,27.6,51.5,75.5,100.0,0.5,11.2,35.2,69.9,99.5,3.1,32.1,55.1,76.5,99.0,196,1ukz,54
33.2,30.9,35.9,17.4,27.4,24.2,2.7,26.8,48.6,71.4,97.7,0.5,12.3,44.5,70.9,99.5,2.3,28.6,53.6,75.5,100.0,220,2ak3b,54
34.9,26.5,38.6,18.8,25.5,20.0,0.6,19.3,47.0,68.1,98.2,1.2,21.1,46.4,78.3,95.2,1.8,28.3,55.4,75.9,100.0,166,5p21,54
40.0,23.1,36.9,14.9,31.4,15.5,2.1,25.6,50.3,74.4,99.0,0.5,15.9,39.5,70.3,96.9,1.0,27.2,51.3,76.9,100.0,195,1tadc2,54
33.5,29.2,37.3,15.6,28.9,22.3,2.4,32.1,59.4,74.5,99.1,0.5,16.5,39.6,58.0,100.0,0.9,24.5,51.9,76.4,98.1,212,1eft1,54
36.4,27.9,35.7,18.3,30.4,17.1,0.4,25.6,51.6,75.6,99.2,0.8,23.3,46.1,71.7,100.0,1.6,25.2,50.4,73.6,98.4,258,1efg1,54
33.3,41.6,25.1,28.9,14.7,21.6,1.4,32.0,58.0,75.8,100.0,2.7,19.2,44.7,75.3,99.1,0.5,22.8,42.5,69.9,98.2,219,1dts,54
36.7,29.7,33.6,21.3,23.4,19.9,0.7,28.3,52.3,76.3,99.6,0.4,18.7,36.7,63.6,100.0,1.1,25.8,57.2,78.8,98.6,283,1nipa,54
33.6,34.0,32.5,24.0,23.6,21.0,3.0,28.0,52.6,76.9,100.0,2.6,20.5,44.4,69.0,99.6,0.4,24.6,49.3,77.2,97.4,268,2reb1,54
40.8,23.5,35.7,25.0,33.0,14.6,0.5,24.9,48.8,74.6,99.5,1.9,24.4,49.3,70.9,98.6,0.9,21.1,50.2,75.6,100.0,213,3cla,55
35.8,35.8,28.4,28.9,23.1,21.5,0.4,23.5,46.5,76.1,100.0,0.8,25.9,56.0,74.1,98.8,3.3,21.8,46.9,69.1,98.4,243,1eaf,55
36.3,23.6,40.1,15.4,26.9,23.7,2.5,19.1,52.9,75.8,99.4,0.6,19.7,36.3,59.9,96.2,1.3,30.6,54.8,76.4,100.0,157,1pnt,56
36.0,25.9,38.1,18.1,27.8,15.9,1.1,31.7,53.6,79.9,100.0,3.2,28.8,57.9,76.3,98.6,0.4,18.7,42.8,65.5,98.9,278,2hnq,56
30.7,34.3,35.0,23.3,22.9,26.5,0.4,26.8,51.1,76.8,99.3,0.7,24.3,47.9,70.4,100.0,1.4,21.1,50.7,77.1,99.6,280,1yptb,56
35.2,32.4,32.4,20.6,28.0,22.4,3.7,23.1,41.7,72.2,99.1,0.9,26.9,59.3,77.8,100.0,1.9,16.7,46.3,75.9,98.1,108,2trxa,57
33.3,30.5,36.2,13.5,28.8,21.2,1.0,22.9,42.9,67.6,100.0,6.7,26.7,43.8,71.4,95.2,2.9,20.0,57.1,78.1,98.1,105,1mdka,57
31.2,35.9,32.8,30.2,23.8,23.8,6.2,25.0,43.8,73.4,96.9,1.6,17.2,42.2,65.6,100.0,4.7,32.8,53.1,71.9,98.4,64,1dsba2,57
32.9,25.9,41.2,20.2,26.2,21.4,1.2,16.5,42.4,74.1,97.6,3.5,14.1,51.8,70.6,100.0,2.4,30.6,48.2,71.8,98.8,85,1ego,57
36.8,25.3,37.9,23.3,29.1,18.6,1.1,19.5,42.5,72.4,98.9,6.9,23.0,60.9,75.9,89.7,3.4,24.1,46.0,66.7,100.0,87,1aba,57
36.6,30.6,32.8,23.6,24.7,17.6,1.6,24.6,51.9,77.0,99.5,1.1,18.6,48.6,71.6,100.0,0.5,27.3,47.0,73.2,97.8,183,1gp1a,57
36.9,26.2,36.9,22.9,27.7,21.7,2.4,14.3,40.5,70.2,94.0,1.2,17.9,44.0,71.4,95.2,9.5,33.3,52.4,79.8,100.0,84,2gsta1,57
39.0,29.9,31.2,31.6,22.4,19.7,3.9,22.1,49.4,75.3,100.0,1.3,11.7,48.1,72.7,97.4,14.3,31.2,46.8,71.4,93.5,77,1gsra1,57
38.7,30.7,30.7,25.7,25.7,25.7,4.0,21.3,44.0,69.3,98.7,1.3,18.7,52.0,76.0,100.0,2.7,24.0,45.3,74.7,97.3,75,1gsq1,57
35.2,28.0,36.8,18.8,25.8,24.6,1.5,25.7,54.0,77.0,98.9,0.4,23.8,47.5,72.8,99.6,0.8,23.0,47.9,73.6,100.0,261,1eria,58
34.8,25.8,39.3,18.5,26.7,19.8,0.8,20.9,50.0,70.9,98.4,0.4,20.1,45.1,72.5,99.2,1.2,27.5,51.2,80.7,100.0,244,1rvaa,58
36.5,25.0,38.5,21.6,27.1,19.6,0.5,28.5,48.5,69.5,98.5,4.5,21.0,52.5,78.0,94.5,1.0,24.5,46.5,74.0,100.0,200,1bam,58
38.3,22.7,39.0,17.6,32.7,18.3,3.2,25.3,53.9,72.7,100.0,0.6,29.2,44.2,66.9,98.1,1.3,20.8,48.7,79.2,98.7,154,1pvua,58
31.6,35.3,33.2,24.3,19.0,24.3,2.6,25.3,48.4,72.1,98.4,1.1,20.0,51.1,76.8,99.5,0.5,26.8,45.8,71.1,100.0,190,3hsc,59
32.9,33.6,33.6,24.8,15.2,22.8,5.5,30.1,54.1,83.6,97.9,3.4,18.5,41.1,74.0,100.0,0.7,26.7,49.3,67.8,93.8,146,1atna1,59
35.4,34.1,30.5,24.4,23.6,12.9,2.2,23.0,49.1,73.9,99.1,0.9,24.8,52.2,76.5,98.2,0.4,26.5,47.3,73.0,100.0,226,1atna2,59
35.0,29.6,35.4,17.8,23.6,22.7,0.8,24.7,52.3,74.1,99.2,2.1,22.6,47.7,74.5,99.6,0.4,25.9,48.6,73.7,100.0,243,1glcg1,59
34.6,33.7,31.7,24.9,23.7,19.2,0.4,22.4,45.5,70.3,98.8,2.4,20.7,44.3,70.7,98.4,1.6,28.9,58.1,83.3,100.0,246,1glcg2,59
32.3,29.0,38.7,22.1,26.0,20.8,1.3,30.3,47.7,71.0,99.4,1.9,22.6,45.2,69.7,96.8,0.6,20.0,54.8,79.4,100.0,155,1chma1,59
31.0,30.3,38.7,16.9,28.6,20.8,0.6,22.6,43.2,69.0,100.0,5.8,15.5,37.4,72.3,96.8,1.9,31.0,56.8,76.8,99.4,155,2rn2,59
32.8,29.6,37.6,18.5,20.2,25.0,0.8,25.6,53.6,76.8,100.0,5.6,21.6,40.8,65.6,99.2,1.6,22.4,48.8,74.4,95.2,125,1hrha,59
34.7,28.5,36.8,27.6,26.6,19.8,1.0,22.8,47.7,70.5,99.0,0.5,21.2,42.5,71.0,97.9,1.6,32.1,51.3,77.7,100.0,193,1dpi1,59
35.4,34.2,30.4,28.0,22.9,22.3,1.3,20.9,43.0,69.6,99.4,0.6,19.6,51.3,73.4,98.7,4.4,28.5,53.2,77.2,100.0,158,1hjra,59
36.8,28.9,34.2,26.4,24.0,19.1,0.9,26.6,50.9,76.3,99.7,2.0,24.6,48.0,76.0,100.0,0.3,21.3,48.5,71.3,99.1,342,1rpa,60
34.6,34.6,30.7,24.8,21.7,22.2,0.4,24.7,47.6,77.5,99.1,1.3,23.4,51.1,71.0,99.6,2.2,25.5,48.5,74.5,100.0,231,1gph1,60
40.2,25.7,34.1,19.2,27.7,18.3,1.9,24.8,47.7,74.3,99.1,0.5,25.2,50.5,73.8,100.0,3.7,22.4,48.1,72.4,99.5,214,1hmpa,60
36.1,32.2,31.7,25.6,22.7,14.0,0.5,23.1,46.6,76.4,100.0,1.4,26.9,49.0,67.8,99.5,1.0,21.2,53.8,78.4,98.6,208,1sto,60
32.8,33.8,33.3,24.6,20.5,20.5,0.3,27.5,52.3,77.5,100.0,1.5,24.5,47.7,71.7,99.5,0.8,23.7,48.7,76.8,98.5,396,1ars,61
37.3,27.9,34.7,22.4,26.1,17.6,0.2,27.2,53.5,76.8,100.0,0.9,23.2,46.2,74.4,98.8,0.5,23.5,48.8,73.2,99.5,426,1tpla,61
35.0,37.1,27.8,27.7,20.2,19.3,0.2,24.1,52.0,76.8,100.0,1.2,26.0,46.4,68.4,99.8,0.5,21.8,52.9,78.0,99.5,431,2dkb,61
37.3,30.9,31.8,22.6,23.7,18.4,0.6,25.4,52.3,76.5,99.4,0.2,20.3,40.2,67.4,100.0,0.4,31.1,53.4,76.9,99.6,528,1ack,62
35.8,32.3,31.9,25.9,22.3,21.4,0.3,22.6,46.5,72.9,98.7,1.3,25.5,53.5,71.9,99.7,1.0,23.2,47.7,77.1,100.0,310,1ede,62
36.7,28.2,35.0,23.5,30.4,15.7,0.7,25.5,48.3,73.1,99.7,1.4,25.2,45.2,74.1,100.0,0.3,22.4,53.4,75.2,99.3,294,1thta,62
31.2,47.3,21.5,28.5,13.0,20.6,0.3,24.6,45.4,70.0,99.4,0.6,21.1,49.8,75.7,100.0,1.9,30.3,57.1,77.9,97.5,317,1tca,62
36.6,37.0,26.4,27.7,19.3,18.6,0.8,26.8,48.7,73.6,99.6,0.4,23.8,51.7,76.2,100.0,1.1,24.2,47.9,74.0,98.1,265,3tgl,62
33.1,36.1,30.9,24.6,22.0,20.9,0.7,25.7,51.3,75.5,100.0,1.1,22.7,54.3,74.0,99.3,0.4,23.0,46.5,72.5,95.9,269,1tib,62
33.7,40.3,26.0,27.0,17.4,20.8,1.1,26.0,51.5,77.7,100.0,0.2,23.2,47.8,73.0,99.4,1.5,26.4,51.1,72.5,98.9,534,1crl,62
30.5,44.3,25.2,24.0,17.4,20.2,0.9,21.4,45.3,77.4,100.0,0.6,28.6,52.5,70.4,99.7,0.3,19.8,49.1,82.1,99.4,318,1taha,62
33.5,35.0,31.5,21.4,23.8,24.1,0.9,25.8,50.4,73.3,99.7,2.7,32.3,51.6,77.2,100.0,0.3,20.8,46.6,72.7,99.4,337,1lpbb1,62
35.2,35.2,29.7,20.8,22.0,20.4,2.7,25.8,53.5,75.4,100.0,0.4,22.3,43.4,69.9,98.4,0.8,29.7,54.3,75.0,99.6,256,1whta,62
35.9,37.9,26.1,31.6,18.4,17.8,1.3,24.8,50.3,74.5,98.0,0.7,24.2,51.6,70.6,99.3,2.0,17.0,43.1,80.4,100.0,153,1whtb,62
34.9,36.2,29.0,25.8,21.2,22.9,2.3,22.1,49.2,76.2,99.3,0.3,25.7,50.8,76.5,99.0,0.7,23.1,46.9,70.4,100.0,307,2ctc,63
28.9,42.3,28.9,27.6,17.6,23.8,0.3,26.8,50.9,72.9,98.3,0.7,19.9,42.6,77.0,100.0,2.1,30.6,53.6,72.5,97.9,291,1amp,63
36.0,26.3,37.6,20.0,28.1,18.9,0.5,23.1,52.2,74.7,97.8,1.1,21.0,44.1,63.4,93.5,2.7,29.0,52.7,78.0,100.0,186,1drf,64
35.2,30.2,34.6,24.1,20.9,25.3,0.6,18.9,47.2,69.8,98.1,1.9,24.5,42.8,67.3,94.3,6.9,28.3,56.6,81.1,100.0,159,4dfra,64
33.3,30.9,35.8,23.0,20.5,24.2,1.9,23.5,48.8,70.4,97.5,0.6,25.9,51.9,74.7,100.0,4.3,22.8,47.5,75.9,99.4,162,3dfr,64
35.5,30.9,33.6,20.8,27.4,20.6,0.7,23.4,48.1,72.9,100.0,0.2,24.6,51.9,77.8,98.8,0.5,26.6,48.6,70.8,99.8,414,7icd,65
32.5,38.6,29.0,26.7,20.1,23.0,0.3,26.1,52.2,72.2,99.7,1.2,21.7,52.8,79.7,100.0,0.6,27.2,47.2,64.3,99.4,345,1hex,65
30.0,38.0,32.0,21.5,17.4,28.2,2.7,20.0,44.0,68.0,96.7,0.7,34.0,52.7,74.7,100.0,1.3,20.7,43.3,75.3,99.3,150,8atca1,66
38.1,26.2,35.6,20.1,28.3,23.9,1.2,23.1,46.2,73.1,100.0,5.0,23.8,48.8,73.8,94.4,0.6,25.0,51.9,71.9,98.1,160,8atca2,66
33.6,28.8,37.6,19.7,26.9,22.4,0.3,27.8,49.2,76.6,99.3,1.7,21.0,44.4,66.4,98.6,0.7,23.4,52.5,77.3,100.0,295,2at2a,66
36.2,28.9,34.9,25.1,28.1,17.6,0.9,25.9,51.2,74.9,99.6,1.3,21.8,45.6,73.2,100.0,0.2,24.4,51.0,75.8,99.8,467,1mina,67
35.6,28.9,35.4,24.0,24.8,19.6,0.8,26.2,49.8,74.7,99.8,0.2,25.5,48.7,71.3,98.5,0.4,22.8,50.0,75.9,100.0,522,1minb,67
38.1,22.6,39.3,16.8,32.1,19.9,0.3,19.8,43.3,71.0,100.0,1.2,24.1,50.3,68.6,99.1,0.6,30.5,54.3,81.1,99.7,328,1bgu,68
36.9,24.9,38.2,19.5,31.5,16.0,0.2,24.7,49.0,73.1,100.0,0.1,23.5,48.7,77.9,99.5,0.4,26.3,51.0,74.7,99.9,822,1gpb,68
29.9,33.9,36.2,19.3,22.2,27.4,1.5,22.1,46.9,73.1,99.3,1.1,27.3,49.8,74.9,96.7,0.4,23.6,51.7,74.5,100.0,271,2dri,69
31.8,34.4,33.8,21.4,22.0,25.3,0.7,23.9,47.2,74.8,99.0,1.6,23.6,50.5,73.1,99.7,0.3,25.6,47.5,73.4,100.0,305,8abp,69
29.4,32.0,38.5,19.2,20.5,27.3,1.6,21.7,46.6,74.4,99.0,0.3,26.5,55.0,77.3,99.4,0.6,21.4,46.0,72.2,100.0,309,1gca,69
29.7,36.3,34.0,20.7,20.7,25.9,0.9,22.7,49.7,71.5,97.1,1.7,24.7,50.6,75.6,99.7,0.3,24.1,48.3,73.8,100.0,344,2liv,69
35.6,31.7,32.7,26.6,24.2,20.8,1.4,21.6,42.3,73.6,100.0,3.4,27.9,53.8,77.9,99.5,0.5,26.0,48.1,71.6,97.6,208,1pda1,69
30.4,31.7,37.9,19.5,22.1,23.4,1.0,25.2,51.5,73.1,99.4,2.9,23.6,46.6,71.8,99.7,0.3,24.3,49.2,75.4,100.0,309,1sbp,69
33.5,29.2,37.3,20.7,26.2,20.5,0.6,28.2,50.3,74.7,99.6,0.2,20.9,44.7,73.5,97.3,0.4,25.0,50.7,74.5,100.0,517,1olba,69
31.6,34.1,34.3,25.7,21.4,23.6,0.5,24.9,45.7,70.5,99.5,1.4,27.3,55.7,73.2,99.7,0.3,22.2,48.4,76.2,100.0,370,1omp,69
30.3,32.8,37.0,24.5,23.6,21.1,0.8,23.1,47.9,74.8,99.2,0.4,24.4,50.0,70.6,100.0,1.7,26.1,51.7,78.2,98.3,238,1hsla,69
29.6,38.3,32.1,25.0,19.1,21.9,1.2,24.9,46.1,72.6,100.0,0.6,18.7,50.2,71.7,99.4,0.3,29.9,54.5,77.3,99.1,321,1pbp,69
32.0,33.8,34.1,22.9,22.9,20.8,0.6,23.8,50.6,79.0,99.7,0.3,25.3,44.8,69.5,99.4,1.2,24.1,53.4,75.0,100.0,328,1nnt,69
31.7,31.7,36.6,25.1,20.2,20.6,0.4,19.2,42.0,70.1,98.7,2.7,31.2,46.0,80.4,99.1,1.3,24.1,58.5,73.2,100.0,224,1pxtb1,70
39.5,33.9,26.6,30.9,25.2,11.4,0.8,19.4,46.8,74.2,98.4,3.2,21.8,58.9,71.8,96.0,1.6,32.3,50.0,72.6,100.0,124,1pxtb2,70
29.8,42.3,27.9,23.3,21.4,15.5,1.9,23.1,50.0,75.0,99.0,1.0,20.2,51.0,70.2,100.0,2.9,26.9,42.3,77.9,98.1,104,9rnt,71
32.3,40.6,27.1,28.4,10.5,22.1,2.1,21.9,45.8,74.0,100.0,3.1,16.7,46.9,68.8,99.0,1.0,33.3,55.2,77.1,97.9,96,1gmpa,71
29.9,35.5,34.6,20.8,21.7,32.1,0.9,19.6,48.6,80.4,99.1,2.8,27.1,45.8,66.4,97.2,1.9,22.4,52.3,74.8,100.0,107,1bsaa,71
26.8,37.5,35.7,21.8,20.0,32.7,1.8,8.9,37.5,69.6,96.4,3.6,28.6,42.9,73.2,98.2,7.1,26.8,55.4,71.4,100.0,56,1pga,72
21.8,38.5,39.7,20.8,18.2,32.5,23.1,32.1,61.5,80.8,97.4,7.7,24.4,48.7,65.4,100.0,1.3,14.1,41.0,71.8,96.2,78,2ptl,72
31.6,27.6,40.8,16.0,30.7,22.7,1.3,17.1,47.4,77.6,96.1,9.2,18.4,46.1,69.7,100.0,2.6,31.6,51.3,71.1,97.4,76,1ubi,72
28.9,38.1,33.0,17.7,17.7,25.0,2.1,35.1,55.7,84.5,99.0,1.0,16.5,42.3,60.8,94.8,6.2,27.8,51.5,77.3,100.0,97,2pia3,72
33.7,29.6,36.7,23.7,23.7,19.6,3.1,26.5,51.0,76.5,99.0,1.0,29.6,45.9,75.5,100.0,4.1,19.4,42.9,69.4,95.9,98,1frd,72
37.7,31.1,31.1,21.0,23.8,20.0,2.8,26.4,49.1,80.2,100.0,0.9,24.5,40.6,59.4,96.2,1.9,17.9,54.7,74.5,99.1,106,1put,72
31.7,28.7,39.6,19.0,38.0,19.0,1.0,21.8,43.6,70.3,99.0,2.0,18.8,52.5,68.3,97.0,5.9,27.7,51.5,79.2,100.0,101,1tssa2,72
28.2,35.5,36.3,19.5,23.6,24.4,6.5,32.3,52.4,78.2,100.0,2.4,16.9,51.6,72.6,99.2,0.8,22.6,42.7,68.5,97.6,124,7rsa,73
36.5,26.9,35.6,20.4,27.2,18.4,2.9,26.0,50.0,74.0,100.0,4.8,37.5,56.7,78.8,99.0,1.9,17.3,38.5,70.2,93.3,104,1onc,73
28.5,30.1,41.5,18.9,25.4,23.0,4.9,24.4,56.1,81.3,97.6,3.3,29.3,58.5,73.2,100.0,0.8,17.9,41.5,62.6,99.2,123,1ang,73
30.8,36.2,33.1,24.0,19.4,24.0,4.6,30.8,46.9,78.5,99.2,0.8,20.0,37.7,63.1,100.0,1.5,23.8,56.2,76.9,97.7,130,3cox2,74
36.3,33.3,30.4,26.7,19.8,21.8,1.0,14.7,47.1,68.6,98.0,8.8,22.5,45.1,77.5,100.0,2.0,29.4,54.9,69.6,99.0,102,1pbe2,74
41.5,36.9,21.5,35.9,20.3,14.1,1.5,21.5,46.2,73.8,100.0,3.1,20.0,50.8,69.2,98.5,13.8,24.6,43.1,64.6,93.8,65,1gal2,74
39.7,27.0,33.3,21.0,33.9,19.4,4.8,28.6,46.0,71.4,98.4,3.2,15.9,49.2,58.7,100.0,1.6,20.6,41.3,69.8,96.8,63,1csei,75
33.8,35.3,30.9,23.9,20.9,17.9,4.4,22.1,51.5,77.9,98.5,1.5,11.8,29.4,60.3,100.0,8.8,38.2,54.4,72.1,97.1,68,1tin,75
34.1,27.3,38.6,11.6,34.9,23.3,6.8,18.2,29.5,61.4,93.2,11.4,34.1,65.9,90.9,100.0,2.3,15.9,45.5,63.6,86.4,44,3mona,76
30.6,30.6,38.8,17.5,25.8,21.6,1.0,35.7,55.1,70.4,100.0,3.1,9.2,36.7,61.2,98.0,10.2,28.6,57.1,77.6,95.9,98,1stfi,76
35.2,29.6,35.2,23.4,29.0,16.8,3.7,33.3,51.9,82.4,99.1,0.9,20.4,45.4,66.7,97.2,6.5,21.3,41.7,70.4,100.0,108,1cewi,76
36.8,20.6,42.6,7.5,35.8,26.9,1.5,19.1,44.1,67.6,91.2,11.8,17.6,41.2,58.8,100.0,2.9,27.9,55.9,76.5,98.5,68,3il8,77
36.2,34.8,29.0,17.6,20.6,22.1,4.3,29.0,49.3,73.9,98.6,1.4,11.6,30.4,56.5,82.6,8.7,33.3,65.2,81.2,100.0,69,1huma,77
35.3,30.6,34.1,23.3,20.9,25.6,1.7,24.9,49.7,74.6,98.3,2.9,24.3,51.4,71.1,97.1,0.6,21.4,46.8,70.5,100.0,173,2glt2,78
32.8,32.0,35.2,19.3,23.9,24.3,0.4,28.3,50.8,74.6,95.1,3.3,17.2,43.0,65.6,99.6,0.8,27.5,54.1,80.7,100.0,244,1scub1,48
30.9,33.3,35.8,23.8,26.2,23.8,3.7,21.0,45.7,69.1,95.1,1.2,23.5,48.1,80.2,100.0,2.5,17.3,51.9,66.7,93.8,81,1pyaa,79
32.0,36.4,31.6,27.8,17.2,24.2,0.4,22.4,52.2,77.6,100.0,0.9,27.6,48.2,74.1,98.7,2.2,24.1,47.4,66.2,99.6,228,1pyab,79
34.4,23.8,41.9,13.8,34.0,26.4,0.6,21.9,49.4,69.4,100.0,1.9,28.1,45.6,76.2,99.4,1.2,23.1,51.9,74.4,98.8,160,1dlha1,20
31.1,30.6,38.3,16.5,26.4,29.1,2.7,19.7,53.0,72.7,98.4,0.5,21.9,49.7,73.8,99.5,1.6,26.2,47.0,74.9,100.0,183,1vaaa1,80
32.5,28.6,39.0,19.7,26.3,21.1,1.3,19.5,42.9,68.8,96.1,3.9,32.5,59.7,72.7,100.0,2.6,14.3,49.4,71.4,90.9,77,1pkp1,81
28.7,34.5,36.8,19.8,20.9,26.7,8.0,28.7,44.8,77.0,100.0,5.7,24.1,51.7,69.0,97.7,1.1,18.4,55.2,74.7,98.9,87,1pda2,81
32.4,42.6,25.0,22.4,20.9,22.4,1.5,20.6,51.5,70.6,98.5,2.9,27.9,42.6,66.2,92.6,4.4,19.1,52.9,80.9,100.0,68,1pkp2,82
33.3,35.0,31.7,26.2,27.9,23.0,4.1,29.3,50.4,70.7,95.9,0.8,22.0,48.0,76.4,100.0,1.6,18.7,41.5,75.6,99.2,123,1efg3,82
31.8,34.6,33.6,23.6,21.7,24.5,1.9,24.3,52.3,76.6,99.1,0.9,17.8,54.2,75.7,89.7,2.8,29.0,41.1,65.4,100.0,107,1fkf,83
28.9,33.3,37.8,18.2,22.7,34.1,13.3,28.9,46.7,57.8,91.1,6.7,17.8,51.1,86.7,100.0,2.2,15.6,35.6,64.4,95.6,45,1ctn3,83
38.9,22.2,38.9,18.3,26.8,18.3,1.4,22.2,56.9,84.7,100.0,2.8,15.3,34.7,62.5,73.6,4.2,30.6,48.6,76.4,98.6,72,1grj2,83
37.6,34.4,28.0,27.4,21.0,17.7,3.2,22.4,45.6,69.6,96.0,1.6,20.0,49.6,75.2,98.4,0.8,23.2,48.8,76.0,100.0,125,2tpra3,84
33.1,42.7,24.2,30.9,15.4,23.6,0.8,23.4,46.0,71.0,99.2,4.0,27.4,48.4,73.4,100.0,1.6,20.2,49.2,70.2,98.4,124,3lada3,84
35.1,43.2,21.6,32.9,16.4,16.4,8.1,18.9,51.4,78.4,98.6,1.4,20.3,40.5,58.1,100.0,10.8,41.9,68.9,79.7,95.9,74,1fcda3,84
40.0,40.0,20.0,35.7,18.6,12.4,1.5,25.4,48.5,70.0,96.2,3.8,22.3,43.1,73.8,99.2,0.8,27.7,56.2,81.5,100.0,130,2mnr1,85
30.6,35.7,33.7,20.8,23.2,23.9,0.7,22.4,49.0,71.4,100.0,0.3,21.1,45.6,73.5,99.0,3.4,29.9,52.4,78.9,99.7,294,4enl2,85
37.0,39.4,23.6,31.0,20.6,20.6,0.8,20.5,43.3,68.5,97.6,3.9,33.9,57.5,77.2,100.0,1.6,15.7,48.0,69.3,96.1,127,1chra1,85
33.3,37.3,29.4,23.7,21.7,19.1,7.8,26.1,54.9,75.2,100.0,0.7,22.9,45.1,76.5,99.3,1.3,21.6,42.5,68.6,98.0,153,1ezm1,86
32.3,38.7,29.0,27.9,17.5,24.0,0.6,25.2,51.0,74.2,100.0,1.3,23.2,45.2,76.1,99.4,7.1,23.9,52.9,69.7,96.8,155,8tlne1,86
38.0,31.5,30.5,27.1,24.6,17.6,1.5,27.0,50.0,74.5,100.0,0.5,14.5,36.5,67.0,99.5,3.0,35.0,55.0,78.5,98.5,200,1iae,86
38.8,25.9,35.3,19.0,29.0,18.5,1.0,19.4,43.8,71.1,98.5,1.5,34.8,56.7,79.1,100.0,0.5,19.9,45.3,74.6,99.5,201,1iag,86
27.6,37.0,35.4,26.0,19.8,28.1,1.2,21.8,46.9,73.7,100.0,0.4,28.8,52.7,76.1,97.9,1.6,19.3,49.0,71.2,99.2,243,1srp1,86
28.7,35.0,36.3,24.4,24.4,25.6,1.9,22.3,47.8,76.4,98.1,0.6,26.8,49.7,77.1,100.0,1.3,19.1,47.1,66.9,99.4,157,1hfc,86
38.2,40.0,21.8,33.3,18.5,22.2,3.6,16.4,41.8,69.1,96.4,1.8,23.6,49.1,76.4,100.0,9.1,27.3,45.5,63.6,98.2,55,1fca,87
34.4,25.0,40.6,19.0,31.7,14.3,6.2,18.8,42.2,73.4,95.3,1.6,32.8,40.6,65.6,85.9,3.1,15.6,57.8,75.0,100.0,64,1fxra,87
34.0,28.0,38.0,24.2,29.3,17.2,1.0,25.0,46.0,71.0,99.0,2.0,26.0,50.0,79.0,100.0,3.0,19.0,52.0,70.0,96.0,100,2atcb1,87
32.1,18.5,49.4,8.8,41.2,18.8,8.6,28.4,56.8,79.0,97.5,3.7,11.1,39.5,59.3,77.8,1.2,22.2,44.4,74.1,100.0,81,1pba,87
33.6,31.5,35.0,22.5,21.1,26.1,1.4,23.8,46.2,71.3,99.3,0.7,24.5,54.5,70.6,98.6,2.1,22.4,53.8,77.6,100.0,143,1nhkl,87
28.9,33.0,38.1,25.0,17.7,27.1,1.0,21.6,42.3,63.9,93.8,2.1,19.6,52.6,76.3,99.0,5.2,28.9,50.5,71.1,100.0,97,1sxl,87
37.6,25.9,36.5,20.2,25.0,23.8,8.2,30.6,47.1,75.3,95.3,1.2,31.8,58.8,74.1,98.8,2.4,16.5,36.5,65.9,100.0,85,1nrca,87
31.8,34.1,34.1,23.8,22.6,10.7,2.4,17.6,42.4,76.5,100.0,1.2,37.6,55.3,81.2,96.5,12.9,25.9,35.3,58.8,98.8,85,2bopa,87
36.1,36.1,27.9,28.1,23.1,18.2,0.8,35.2,59.0,77.9,100.0,1.6,21.3,34.4,70.5,99.2,5.7,24.6,50.8,68.9,98.4,122,3rub1,87
35.2,34.4,30.4,27.4,19.4,21.0,4.8,22.4,54.4,76.0,99.2,2.4,27.2,40.8,69.6,97.6,0.8,16.8,51.2,79.2,100.0,125,5rub1,87
31.6,33.7,34.7,21.6,26.8,24.7,6.1,20.4,38.8,69.4,100.0,1.0,26.5,49.0,71.4,96.9,4.1,27.6,53.1,77.6,99.0,98,1aps,87
38.1,16.5,45.4,15.6,38.5,15.6,1.0,21.6,49.5,69.1,100.0,12.4,29.9,50.5,59.8,99.0,2.1,23.7,47.4,76.3,97.9,97,1ris,87
38.2,27.0,34.8,17.0,26.1,28.4,1.1,19.1,49.4,78.7,100.0,5.6,25.8,46.1,65.2,91.0,4.5,27.0,47.2,84.3,97.8,89,1efg4,87
36.2,29.7,34.1,22.0,26.5,18.8,0.4,25.6,49.6,74.4,99.6,1.6,20.7,42.3,73.6,97.6,1.2,24.8,50.8,74.8,100.0,246,1chma2,88
36.5,28.5,35.0,23.3,24.8,21.4,0.8,24.3,47.1,70.3,98.5,0.4,22.8,49.8,75.7,98.9,1.9,27.8,53.2,78.7,100.0,263,1mat,88
32.1,36.4,31.5,28.7,18.9,24.4,1.2,21.8,52.7,73.3,98.8,0.6,24.2,45.5,67.3,96.4,1.8,30.3,58.2,79.4,100.0,165,2cmd2,89
31.4,35.5,33.1,21.6,24.6,21.1,1.7,29.7,56.4,79.1,100.0,0.6,25.0,48.3,65.7,98.8,1.2,18.0,44.2,79.7,97.1,172,1bmda2,89
31.4,34.3,34.3,25.6,22.6,20.8,1.2,22.5,53.3,71.6,100.0,2.4,24.9,50.3,76.3,99.4,0.6,20.1,43.8,72.8,98.2,169,1llda2,89
34.8,36.0,29.1,26.0,21.1,16.7,0.8,24.3,50.6,74.1,99.6,1.2,23.9,47.8,72.1,100.0,0.4,26.3,49.8,79.8,99.2,247,1mrj,90
35.2,30.7,34.1,21.9,26.9,23.1,0.4,23.8,48.3,72.8,98.9,1.1,22.2,47.9,75.9,100.0,0.8,26.8,50.6,73.6,99.2,261,1apa,90
33.0,32.4,34.6,21.2,23.4,18.5,1.1,30.3,49.7,68.6,99.5,2.7,25.4,42.7,66.5,100.0,0.5,18.9,56.2,77.8,98.4,185,1ltsa,91
30.5,34.8,34.8,23.1,23.1,24.2,2.7,28.3,51.3,73.8,99.5,0.5,21.9,44.9,70.6,100.0,1.6,24.1,50.8,75.9,98.4,187,1ddt1,91
30.6,38.3,31.1,21.3,17.2,24.4,1.8,27.0,51.8,82.9,100.0,0.5,23.0,50.9,75.7,99.5,2.7,24.3,41.9,66.2,97.3,222,1prta,91
34.1,19.5,46.3,10.0,37.5,22.5,9.8,34.1,56.1,75.6,100.0,2.4,7.3,29.3,51.2,80.5,4.9,17.1,48.8,73.2,97.6,41,1ltsc,91
30.9,32.2,36.9,24.3,23.0,24.3,1.3,20.8,50.3,71.1,98.7,0.7,28.2,54.4,76.5,100.0,2.0,22.1,47.0,74.5,98.0,149,1rtm1,92
35.6,24.6,39.8,21.4,19.7,12.8,0.8,24.6,44.9,77.1,100.0,1.7,12.7,38.1,59.3,97.5,3.4,27.1,61.0,78.0,95.8,118,1esl1,92
34.9,43.0,22.1,30.6,11.8,23.5,2.3,23.3,57.0,74.4,98.8,1.2,20.9,46.5,73.3,100.0,8.1,22.1,40.7,65.1,94.2,86,1prtc1,92
33.7,28.7,37.6,18.0,29.0,24.0,1.0,18.8,53.5,75.2,99.0,6.9,24.8,36.6,57.4,98.0,2.0,23.8,54.5,81.2,100.0,101,1ayaa,93
28.4,38.5,33.0,18.5,20.4,26.9,5.5,22.9,50.5,72.5,97.2,0.9,19.3,42.2,71.6,96.3,3.7,27.5,52.3,77.1,100.0,109,1ab2,93
31.4,27.6,41.0,17.3,25.0,25.0,4.8,26.7,55.2,76.2,94.3,1.0,14.3,40.0,62.9,100.0,5.7,25.7,51.4,75.2,98.1,105,2plea,93
27.6,39.1,33.3,23.3,23.3,29.1,5.7,25.3,49.4,62.1,97.7,1.1,19.5,55.2,73.6,98.9,2.3,26.4,44.8,79.3,100.0,87,1spha,94
28.2,38.8,32.9,23.8,17.9,28.6,1.2,25.9,56.5,74.1,98.8,8.2,22.4,43.5,63.5,96.5,3.5,24.7,52.9,82.4,100.0,85,1poh,94
34.4,36.1,29.5,24.8,26.4,19.8,0.8,23.8,44.3,72.1,100.0,3.3,25.4,53.3,73.0,95.9,1.6,19.7,51.6,76.2,99.2,122,2pola1,95
36.1,30.3,33.6,22.3,26.4,27.3,3.3,26.2,50.8,75.4,100.0,1.6,20.5,48.4,71.3,98.4,0.8,22.1,43.4,73.8,99.2,122,2pola2,95
36.1,27.0,36.9,19.8,28.9,18.2,2.5,30.3,59.8,77.0,100.0,4.1,22.1,53.3,81.1,97.5,0.8,17.2,41.8,62.3,99.2,122,2pola3,95
40.5,23.0,36.5,21.6,31.2,20.0,0.8,20.6,45.2,72.2,100.0,3.2,31.0,54.8,70.6,97.6,2.4,21.4,46.8,74.6,98.4,126,1plq1,95
35.0,32.2,32.8,24.5,26.8,19.7,0.3,24.4,50.2,72.7,99.7,0.6,23.8,44.7,73.3,100.0,1.3,27.3,54.7,76.2,99.0,311,1srya2,96
35.1,27.8,37.1,17.6,29.0,21.6,0.6,24.9,49.0,72.0,99.4,0.3,21.2,47.0,77.1,100.0,1.4,28.6,50.7,73.9,99.7,353,1asza2,96
33.3,33.3,33.3,20.0,24.0,18.4,0.8,22.2,45.2,69.8,99.2,3.2,26.2,52.4,71.4,98.4,1.6,19.8,54.0,76.2,100.0,126,1vil,97
29.8,35.1,35.1,16.1,24.7,28.0,2.1,23.4,43.6,80.9,97.9,4.3,25.5,48.9,67.0,100.0,1.1,17.0,55.3,71.3,95.7,94,1svr,97
29.6,44.8,25.6,25.8,13.7,25.0,1.6,23.2,54.4,77.6,100.0,0.8,24.0,41.6,67.2,99.2,2.4,32.8,56.8,80.8,98.4,125,2acg,98
35.3,37.4,27.3,26.8,18.8,18.8,2.2,24.5,46.8,74.8,100.0,0.7,23.0,46.0,69.1,98.6,2.9,26.6,54.0,82.7,99.3,139,2btfp,98
37.0,24.6,38.4,17.6,31.5,16.8,1.8,27.9,49.9,71.0,100.0,0.3,27.0,54.5,73.0,99.4,0.6,20.2,46.6,78.3,99.7,341,1apme,99
36.6,28.7,34.7,20.9,25.5,22.5,1.0,26.1,52.5,75.9,98.0,0.3,22.8,45.2,69.0,98.7,2.3,22.1,49.5,77.9,100.0,303,1irk,99
35.8,34.4,29.7,30.8,20.9,16.6,0.5,25.0,51.9,75.9,99.1,0.9,28.3,51.4,76.9,98.6,1.4,23.6,45.3,67.0,100.0,212,1ppn,100
34.6,36.6,28.8,28.9,18.6,23.0,0.5,21.5,54.1,75.1,98.0,1.0,21.0,42.9,72.2,99.5,2.0,29.8,51.7,78.0,100.0,205,1hucb,100
29.3,32.0,38.7,22.0,22.0,22.0,1.2,21.5,46.5,75.0,99.6,1.6,25.4,55.5,76.2,99.2,0.4,23.8,47.3,70.3,100.0,256,4blma,101
33.7,39.3,27.0,31.0,20.1,24.0,0.6,25.3,49.6,74.7,100.0,0.3,22.3,47.9,77.7,99.7,1.1,26.2,50.7,69.4,99.4,359,2blta,101
31.7,40.6,27.7,29.2,16.5,22.3,0.9,26.2,48.7,73.5,99.1,0.3,24.5,52.2,75.2,100.0,0.6,23.1,46.4,74.4,99.7,347,3pte,101
29.6,44.4,25.9,26.0,14.5,21.9,0.8,25.1,55.1,79.8,99.6,0.4,24.3,44.4,70.0,100.0,3.3,22.6,49.8,80.7,98.8,243,2baa,102
33.3,32.6,34.1,20.3,28.9,23.4,1.6,21.7,49.6,76.7,100.0,3.1,24.8,51.9,69.0,97.7,0.8,25.6,45.7,75.2,99.2,129,2ihl,102
32.7,29.6,37.7,19.3,27.3,25.5,0.6,16.7,48.1,68.5,99.4,7.4,25.9,53.1,79.6,98.8,1.2,27.8,46.9,75.9,100.0,162,1l92,102
28.6,34.6,36.8,20.7,22.3,26.1,2.2,25.9,45.4,70.8,100.0,1.1,18.4,47.6,76.8,99.5,0.5,26.5,53.0,74.6,98.9,185,1gbs,102
37.2,32.5,30.3,21.3,19.4,17.9,0.6,24.1,49.7,74.1,98.8,1.2,23.4,48.1,75.0,100.0,0.3,26.2,52.2,74.4,99.7,320,1frpa,103
37.5,32.0,30.5,23.6,22.5,16.2,0.4,23.5,50.0,73.2,98.2,2.9,26.1,49.6,74.3,97.8,0.7,20.6,48.2,75.4,100.0,272,2hhma,103
35.0,31.5,33.5,22.3,22.1,21.6,0.2,26.5,47.8,74.8,99.0,0.5,33.5,58.8,75.8,100.0,0.8,16.8,40.8,71.0,99.8,400,1inp,103
33.7,28.8,37.5,21.8,27.0,21.3,0.4,22.5,47.4,74.4,99.3,0.2,23.6,52.0,72.3,99.8,0.5,26.4,49.1,77.1,100.0,546,1dpi,104
36.2,33.2,30.6,27.2,27.2,16.9,1.0,25.5,49.0,75.5,99.0,0.5,16.8,48.0,70.4,100.0,3.1,27.6,51.5,77.6,97.4,196,1har,104
33.3,26.2,40.4,17.6,29.3,18.0,2.1,27.5,52.5,73.3,96.7,0.4,19.6,46.7,75.0,99.6,2.5,22.9,47.9,70.4,100.0,240,1bpb,104
34.6,28.8,36.6,16.6,28.6,21.0,0.3,25.0,48.5,73.3,99.7,1.5,16.0,40.7,79.7,100.0,0.6,29.9,52.9,73.5,96.5,344,1hlea,105
35.5,29.0,35.5,10.0,16.7,20.0,12.9,32.3,41.9,74.2,90.3,19.4,29.0,61.3,83.9,100.0,3.2,6.5,22.6,51.6,87.1,31,1hleb,105
40.0,28.6,31.4,14.7,14.7,32.4,11.4,20.0,40.0,65.7,82.9,2.9,8.6,51.4,77.1,100.0,5.7,17.1,54.3,80.0,97.1,35,1achb,105
34.0,32.5,33.5,30.1,23.0,17.3,3.6,29.9,57.4,79.7,99.5,0.5,28.9,60.9,78.7,96.4,1.0,17.8,37.6,56.3,100.0,197,1cola,106
33.1,33.7,33.1,25.6,22.8,21.7,1.1,30.9,59.7,81.8,100.0,0.6,32.6,51.9,69.6,99.4,2.2,16.6,33.1,68.5,98.3,181,1ddt2,106
37.6,27.9,34.5,26.3,25.4,18.0,2.2,21.4,55.0,79.9,99.6,0.4,18.3,43.7,61.6,97.8,1.3,29.3,49.8,75.1,100.0,229,1dlc1,106
30.0,32.4,37.6,22.5,25.2,23.4,0.9,27.0,52.7,80.6,100.0,0.3,24.2,50.6,69.1,99.1,0.6,21.5,47.9,74.5,99.7,330,1pho,107
31.9,41.2,26.9,30.7,19.7,19.3,0.7,27.2,53.5,78.4,100.0,1.7,24.3,48.8,74.4,98.3,0.3,23.6,47.8,69.1,99.7,301,2por,107
44.7,36.1,19.2,35.2,14.0,14.0,1.0,24.5,49.7,71.2,98.3,0.3,23.5,48.3,73.5,100.0,0.7,15.2,57.3,78.1,99.7,302,1pcrm,108
46.2,34.8,19.0,37.1,18.8,10.7,0.7,23.4,47.3,70.7,99.6,0.4,22.3,49.8,76.2,100.0,2.2,30.0,57.9,75.8,98.2,273,1prcl,108
31.4,39.2,29.4,26.0,18.0,24.0,3.9,29.4,43.1,58.8,88.2,5.9,35.3,60.8,82.4,100.0,2.0,9.8,27.5,68.6,94.1,51,9wga1,109
29.4,44.1,26.5,30.3,18.2,21.2,8.8,23.5,44.1,61.8,91.2,2.9,11.8,52.9,73.5,97.1,14.7,17.6,32.4,58.8,100.0,34,9wga2,109
34.9,44.2,20.9,28.6,16.7,19.0,2.3,25.6,41.9,60.5,93.0,9.3,18.6,58.1,79.1,97.7,4.7,14.0,32.6,46.5,100.0,43,9wga3,109
31.0,47.6,21.4,31.7,12.2,19.5,7.1,28.6,42.9,61.9,95.2,4.8,21.4,59.5,78.6,100.0,2.4,11.9,23.8,35.7,97.6,42,9wga4,109
33.3,36.1,30.6,22.9,14.3,28.6,13.9,27.8,58.3,72.2,100.0,5.6,25.0,50.0,77.8,94.4,2.8,8.3,30.6,41.7,83.3,36,4cpai,110
37.5,33.3,29.2,29.8,25.5,19.1,8.3,25.0,56.2,75.0,97.9,12.5,31.2,50.0,77.1,100.0,2.1,6.2,37.5,54.2,89.6,48,1oma,110
33.8,35.4,30.8,31.2,14.1,25.0,6.2,21.5,58.5,70.8,100.0,4.6,30.8,56.9,83.1,98.5,1.5,15.4,35.4,50.8,96.9,65,2sn3,110
37.5,28.1,34.4,19.0,27.0,22.2,1.6,18.8,40.6,71.9,98.4,6.2,31.2,60.9,70.3,95.3,3.1,17.2,43.8,78.1,100.0,64,1ptx,110
35.1,27.0,35.1,19.4,27.8,16.7,5.4,18.9,43.2,75.7,97.3,8.1,16.2,27.0,62.2,100.0,10.8,32.4,56.8,73.0,91.9,37,2crd,110
48.4,19.4,32.3,26.7,40.0,10.0,6.5,16.1,38.7,67.7,93.5,3.2,3.2,45.2,51.6,74.2,12.9,19.4,64.5,80.6,100.0,31,1scy,110
38.9,27.8,33.3,17.1,20.0,22.9,2.8,8.3,44.4,77.8,97.2,11.1,19.4,58.3,66.7,86.1,25.0,30.6,47.2,69.4,100.0,36,1chl,110
35.1,29.7,35.1,16.7,44.4,11.1,5.4,16.2,40.5,67.6,94.6,2.7,24.3,32.4,59.5,100.0,8.1,18.9,51.4,73.0,91.9,37,1ktx,110
35.0,37.5,27.5,17.9,17.9,20.5,7.5,15.0,52.5,75.0,95.0,2.5,17.5,35.0,60.0,85.0,10.0,30.0,57.5,77.5,100.0,40,1ica,110
31.9,27.7,40.4,15.2,30.4,15.2,4.3,21.3,48.9,80.9,100.0,14.9,19.1,34.0,63.8,78.7,2.1,12.8,46.8,74.5,97.9,47,2gps,110
36.1,47.2,16.7,31.4,17.1,17.1,13.9,30.6,52.8,77.8,100.0,2.8,25.0,41.7,58.3,91.7,5.6,5.6,19.4,72.2,94.4,36,2cbh,110
38.5,25.6,35.9,18.4,28.9,26.3,5.1,10.3,33.3,71.8,92.3,2.6,23.1,51.3,76.9,97.4,12.8,20.5,48.7,64.1,100.0,39,1lpba1,110
39.1,32.6,28.3,37.8,17.8,20.0,10.9,23.9,41.3,69.6,100.0,6.5,15.2,47.8,71.7,89.1,2.2,8.7,45.7,63.0,97.8,46,1lpba2,110
33.3,30.6,36.1,22.9,28.6,25.7,19.4,30.6,58.3,83.3,97.2,2.8,8.3,33.3,50.0,94.4,5.6,25.0,55.6,75.0,100.0,36,1tabi,110
30.6,35.5,33.9,21.3,21.3,24.6,3.2,27.4,58.1,80.6,96.8,12.9,22.6,37.1,67.7,91.9,1.6,16.1,43.5,62.9,100.0,62,3ebx,111
32.8,36.1,31.1,20.0,18.3,25.0,3.3,23.0,55.7,78.7,100.0,1.6,14.8,42.6,65.6,91.8,9.8,31.1,45.9,75.4,98.4,61,1fas,111
45.0,23.3,31.7,22.0,27.1,15.3,1.7,18.3,43.3,70.0,98.3,13.3,21.7,46.7,71.7,93.3,3.3,20.0,48.3,73.3,100.0,60,1cdta,111
40.0,21.4,38.6,13.0,40.6,13.0,1.4,27.1,51.4,77.1,98.6,10.0,14.3,28.6,44.3,85.7,2.9,25.7,58.6,78.6,100.0,70,1erh,111
31.0,37.9,31.0,19.3,19.3,28.1,6.9,17.2,37.9,58.6,94.8,3.4,20.7,51.7,81.0,100.0,1.7,25.9,53.4,74.1,91.4,58,7pti,112
34.5,27.3,38.2,16.7,24.1,20.4,5.5,23.6,38.2,61.8,98.2,1.8,20.0,50.9,69.1,100.0,3.6,18.2,45.5,76.4,94.5,55,1knt,112
35.0,26.7,38.3,11.9,22.0,25.4,1.7,18.3,55.0,80.0,100.0,13.3,35.0,53.3,75.0,96.7,3.3,16.7,36.7,68.3,95.0,60,1tap,112
50.0,26.7,23.3,24.1,20.7,10.3,6.7,13.3,53.3,83.3,100.0,23.3,26.7,40.0,60.0,90.0,3.3,3.3,43.3,50.0,80.0,30,1dfna,113
42.1,36.8,21.1,43.2,18.9,13.5,7.9,31.6,50.0,73.7,100.0,2.6,10.5,36.8,65.8,97.4,18.4,21.1,57.9,78.9,94.7,38,1bnb,113
40.5,40.5,19.0,24.4,14.6,22.0,7.1,33.3,50.0,76.2,95.2,2.4,16.7,45.2,57.1,97.6,19.0,26.2,42.9,78.6,100.0,42,2bds,113
31.2,37.5,31.2,25.5,25.5,10.6,6.2,25.0,54.2,77.1,91.7,2.1,20.8,39.6,58.3,85.4,8.3,14.6,45.8,87.5,100.0,48,2sh1,113
31.4,33.3,35.3,34.0,12.0,22.0,2.0,21.6,41.2,70.6,96.1,3.9,43.1,58.8,76.5,94.1,7.8,17.6,31.4,62.7,100.0,51,2hcgb,114
26.2,31.0,42.9,24.4,24.4,34.1,14.3,26.2,50.0,66.7,92.9,7.1,23.8,52.4,69.0,97.6,2.4,11.9,38.1,71.4,100.0,42,1ccf,114
41.5,30.2,28.3,26.9,30.8,15.4,5.7,26.4,49.1,66.0,98.1,3.8,13.2,32.1,56.6,83.0,1.9,30.2,60.4,84.9,100.0,53,3egf,114
38.0,28.0,34.0,14.3,24.5,24.5,2.0,16.0,46.0,68.0,98.0,6.0,22.0,60.0,74.0,100.0,8.0,20.0,44.0,58.0,94.0,50,4tgf,114
38.0,22.0,40.0,12.2,28.6,24.5,4.0,12.0,44.0,68.0,96.0,2.0,22.0,56.0,82.0,100.0,6.0,20.0,38.0,64.0,98.0,50,1tpn,115
23.3,36.7,40.0,13.8,20.7,31.0,20.0,20.0,33.3,76.7,90.0,3.3,6.7,26.7,50.0,96.7,13.3,46.7,66.7,80.0,100.0,30,2pf11,115
32.6,29.1,38.4,18.8,20.0,30.6,1.2,26.7,54.7,79.1,95.3,4.7,17.4,32.6,53.5,98.8,3.5,30.2,57.0,69.8,100.0,86,1urk2,115
34.0,34.0,32.0,30.6,24.5,26.5,4.0,24.0,50.0,70.0,100.0,6.0,18.0,40.0,76.0,96.0,2.0,26.0,46.0,66.0,98.0,50,3sgbi,116
30.4,39.3,30.4,25.5,9.1,20.0,16.1,33.9,51.8,66.1,100.0,1.8,14.3,39.3,57.1,98.2,7.1,21.4,58.9,75.0,92.9,56,1tgsi,116
33.3,37.3,29.4,28.0,20.0,34.0,3.9,13.7,31.4,70.6,96.1,2.0,17.6,41.2,68.6,98.0,9.8,27.5,56.9,76.5,100.0,51,4sgbi,116
32.1,37.7,28.3,28.8,17.3,17.3,11.3,35.8,56.6,75.5,94.3,5.7,24.5,49.1,77.4,98.1,3.8,18.9,28.3,52.8,100.0,53,1pspa1,117
39.6,30.2,30.2,30.8,21.2,15.4,9.4,28.3,58.5,79.2,100.0,3.8,30.2,41.5,66.0,88.7,1.9,15.1,43.4,64.2,98.1,53,1pspa2,117
38.4,24.4,37.2,18.8,37.6,14.1,3.5,23.3,40.7,68.6,97.7,1.2,12.8,38.4,80.2,100.0,7.0,33.7,53.5,72.1,95.3,86,1pdga,118
40.2,29.5,30.4,20.7,24.3,20.7,1.8,19.6,45.5,76.8,99.1,0.9,36.6,52.7,67.9,100.0,2.7,20.5,37.5,72.3,98.2,112,2tgi,118
34.6,32.7,32.7,19.8,23.6,25.5,2.8,25.2,42.1,72.9,96.3,0.9,17.8,50.5,71.0,100.0,1.9,24.3,46.7,73.8,99.1,107,1bet,118
37.6,34.1,28.2,28.6,17.9,16.7,3.5,28.2,51.8,77.6,100.0,4.7,22.4,42.4,68.2,96.5,1.2,12.9,48.2,72.9,92.9,85,1hcna,118
38.2,35.5,26.4,36.7,22.0,16.5,3.6,25.5,49.1,70.9,99.1,2.7,24.5,45.5,76.4,98.2,0.9,16.4,51.8,69.1,100.0,110,1hcnb,118
29.2,30.8,40.0,9.4,17.2,34.4,1.5,9.2,32.3,60.0,98.5,6.2,27.7,49.2,69.2,92.3,7.7,30.8,56.9,80.0,100.0,65,1hrti,119
25.6,28.2,46.2,10.5,26.3,28.9,10.3,17.9,43.6,69.2,97.4,2.6,5.1,59.0,76.9,92.3,7.7,25.6,46.2,66.7,100.0,39,1dec,119
22.9,37.3,39.8,14.5,23.1,29.1,6.8,27.1,49.2,71.2,96.6,0.8,18.6,44.9,73.7,99.2,1.7,25.4,56.8,75.4,100.0,118,2cy3,120
22.4,34.6,43.0,13.2,24.5,26.4,8.4,26.2,47.7,73.8,98.1,0.9,21.5,46.7,80.4,100.0,2.8,24.3,49.5,67.3,99.1,107,2cdv,120
25.8,45.2,29.0,18.0,18.0,16.4,9.7,35.5,64.5,87.1,96.8,1.6,25.8,51.6,62.9,91.9,4.8,17.7,32.3,74.2,100.0,62,1isua,121
24.7,43.5,31.8,19.0,21.4,23.8,8.2,34.1,57.6,82.4,96.5,1.2,15.3,40.0,65.9,100.0,5.9,24.7,47.1,68.2,97.6,85,1hip,121
26.8,35.2,38.0,15.7,18.6,37.1,16.9,42.3,57.7,80.3,94.4,2.8,23.9,49.3,71.8,100.0,1.4,14.1,36.6,60.6,85.9,71,2hipa,121
35.1,21.6,43.2,16.7,30.6,22.2,2.7,29.7,45.9,64.9,97.3,5.4,13.5,40.5,59.5,83.8,8.1,18.9,54.1,86.5,100.0,37,2drpa1,122
33.3,26.7,40.0,24.1,20.7,24.1,10.0,16.7,40.0,60.0,100.0,6.7,13.3,36.7,73.3,93.3,3.3,33.3,53.3,76.7,96.7,30,1paa,123
26.7,30.0,43.3,20.7,27.6,41.4,10.0,16.7,26.7,40.0,73.3,6.7,20.0,46.7,63.3,93.3,3.3,30.0,56.7,76.7,100.0,30,4znf,123
23.3,26.7,50.0,3.4,37.9,37.9,10.0,10.0,23.3,33.3,73.3,6.7,40.0,50.0,66.7,90.0,3.3,20.0,56.7,83.3,100.0,30,5znf,123
30.0,35.0,35.0,23.7,20.3,18.6,10.0,28.3,51.7,61.7,96.7,5.0,20.0,35.0,53.3,100.0,1.7,31.7,63.3,80.0,95.0,60,1gata,124
39.4,23.9,36.6,18.6,28.6,12.9,1.4,21.1,40.8,67.6,95.8,7.0,14.1,28.2,54.9,98.6,8.5,38.0,59.2,73.2,100.0,71,1rgd,124
32.0,32.0,36.0,20.4,22.4,24.5,18.0,30.0,68.0,80.0,100.0,4.0,10.0,42.0,60.0,88.0,2.0,28.0,48.0,64.0,96.0,50,1tfi,125
36.5,25.0,38.5,21.6,25.5,21.6,7.7,15.4,48.1,75.0,96.2,19.2,30.8,42.3,50.0,98.1,1.9,21.2,55.8,78.8,100.0,52,2atcb2,125
31.4,39.2,29.4,20.0,20.0,26.0,5.9,13.7,45.1,72.5,94.1,11.8,33.3,52.9,82.4,100.0,2.0,21.6,39.2,60.8,96.1,51,8rxna,125
33.3,40.0,26.7,34.5,31.0,13.8,3.3,16.7,50.0,70.0,96.7,10.0,26.7,40.0,56.7,93.3,6.7,13.3,66.7,76.7,100.0,30,2mhu,126
38.7,41.9,19.4,36.7,10.0,20.0,9.7,19.4,45.2,64.5,96.8,6.5,25.8,38.7,71.0,100.0,3.2,3.2,51.6,67.7,83.9,31,1mrb,126
29.0,41.9,29.0,36.7,16.7,20.0,9.7,19.4,38.7,71.0,93.5,3.2,22.6,41.9,67.7,96.8,12.9,16.1,48.4,54.8,100.0,31,1dmc,126
16.7,41.7,41.7,5.7,8.6,45.7,44.4,44.4,80.6,83.3,100.0,5.6,19.4,36.1,58.3,91.7,2.8,11.1,38.9,63.9,97.2,36,2bpa3,127
27.5,45.0,27.5,15.4,23.1,20.5,2.5,7.5,47.5,77.5,97.5,17.5,25.0,40.0,62.5,95.0,5.0,12.5,50.0,72.5,100.0,40,4rhv4,127
49.3,40.3,10.4,48.5,6.1,12.1,4.5,28.4,49.3,79.1,98.5,1.5,22.4,47.8,71.6,100.0,3.0,3.0,11.9,52.2,56.7,67,1bhb,128
50.7,31.9,17.4,29.4,19.1,13.2,1.4,26.1,52.2,71.0,98.6,4.3,23.2,47.8,75.4,100.0,2.9,14.5,46.4,72.5,94.2,69,1bct,128
